-1.0825,-0.37632,7.2193
-1.5095,-0.56044,6.8944
-1.101,-1.2593,8.0564
-0.10358,-2.1843,9.8717
0.91146,-2.7583,11.696
1.8542,-3.1089,13.653
2.87,-2.9968,14.845
3.1942,-2.3925,14.535
2.2299,-1.8193,13.857
1.0408,-1.5196,13.097
0.54112,-1.2424,12.442
0.5513,-0.89918,12.379
0.71132,-0.79649,12.859
1.0324,-0.88257,13.806
1.4342,-0.70473,14.711
1.6804,-0.2386,15.218
1.4921,0.28216,15.078
1.0276,0.74365,14.376
0.70129,1.1072,13.244
0.48424,1.2105,11.878
0.39218,1.0114,10.649
0.50445,0.61672,9.7361
0.69515,0.18696,9.1939
0.86221,-0.18891,8.9512
1.045,-0.39638,8.7345
1.1096,-0.52211,8.5794
1.1185,-0.57495,8.3817
1.1025,-0.52182,8.0977
1.065,-0.38979,7.7383
1.0429,-0.29324,7.3729
1.0281,-0.29129,7.0056
1.0064,-0.37856,6.7239
1.0234,-0.47915,6.4273
0.93166,-0.5311,6.0401
0.67929,-0.57735,5.7886
0.42691,-0.59831,5.6617
0.32632,-0.5543,5.5729
0.38844,-0.38919,5.6028
0.61597,-0.08158,5.7895
0.65743,-0.19879,6.1973
0.61762,-0.46927,6.7131
0.42392,-0.73407,6.9447
0.27498,-0.87134,7.0044
0.20028,-1.0279,7.0447
0.10718,-1.3173,7.3268
0.17184,-1.4614,7.6385
0.24639,-1.6018,7.9555
0.58408,-1.5804,8.4618
1.1002,-1.3544,9.2374
1.2899,-1.3096,9.7534
1.2321,-1.5692,10.024
1.0236,-2.0382,10.042
0.70533,-2.5294,9.8142
0.3826,-2.8996,9.5627
0.078437,-3.0902,9.272
-0.18367,-3.3173,9.0476
-0.31824,-3.4828,8.9252
-0.30626,-3.4143,8.967
-0.037871,-3.3126,9.4424
0.36195,-3.1542,10.046
0.42512,-2.9119,10.478
0.17544,-2.9064,10.923
0.018561,-3.2864,11.418
-0.036823,-3.89,11.565
-0.2395,-4.4663,11.254
-0.43739,-4.8366,10.716
-0.35431,-5.0274,10.161
-0.036524,-4.8354,10.043
0.42137,-3.9687,10.542
0.745,-3.1298,11.673
0.55579,-2.8514,13.321
0.19145,-2.9333,14.62
0.056283,-2.7116,15.673
-0.070803,-2.0165,16.745
-0.2889,-1.2557,17.176
-0.58468,-0.56852,16.937
-0.97268,-0.26704,16.316
-1.3002,-0.63199,15.689
-0.81865,-1.1201,15.356
-0.084125,-1.5848,15.149
0.55609,-1.8446,15.191
0.94873,-1.2718,15.272
0.68378,-0.58229,15.074
0.007784,-0.37407,14.72
-0.51119,-0.35521,14.27
-0.60354,0.071701,13.708
-0.66656,0.58319,12.908
-0.71237,0.48394,11.993
-0.39458,-0.058977,11.027
-0.22259,-0.39877,10.01
-0.32632,-0.72869,8.8053
-0.25432,-1.3438,7.7403
-0.28995,-1.6909,7.2467
-0.10643,-1.5159,7.0375
-0.052241,-1.2198,6.8075
-0.30477,-0.80862,6.5832
-0.5031,-0.3835,6.3731
-0.6016,0.12215,6.0483
-0.048799,0.59621,5.9146
0.59142,0.96684,5.8217
0.99408,0.95606,5.5764
1.6026,0.63603,5.0953
2.0823,0.30297,4.2995
2.351,-0.044158,3.6258
2.5728,-0.33306,3.2964
2.7414,-0.30536,3.6454
2.7799,-0.061073,4.8671
2.9652,0.41164,7.0258
2.9584,0.63154,8.9231
2.6228,0.89828,9.5031
2.072,1.4086,9.5501
1.143,0.42317,9.0728
0.20956,-1.7264,7.6214
0.55669,-2.6483,6.389
1.7828,-2.5056,6.5724
2.7824,-2.8803,8.5664
2.8144,-3.8106,11.92
2.9079,-3.7763,14.691
3.1997,-2.6892,16.103
3.1258,-1.5412,16.278
2.8031,-0.36823,15.6
2.1694,0.10164,14.386
0.96415,-0.25986,13.329
-0.083826,-0.91535,11.794
-0.56852,-1.7202,10.193
-0.88571,-2.4648,8.8683
-0.7227,-2.7496,7.9801
-0.31479,-3.2213,7.3415
-0.44637,-4.189,6.9289
-0.93825,-4.7028,6.6176
-1.2646,-4.6857,6.304
-1.283,-4.2327,5.826
-0.84948,-3.5789,5.4892
-0.014071,-3.4361,5.8971
0.94783,-3.1087,7.1017
1.5211,-2.1759,8.2026
1.8871,-0.96804,8.526
1.9626,0.32812,8.4453
1.6129,1.5991,8.01
1.2321,2.1401,7.4096
0.94603,1.9817,6.8321
0.32587,1.2048,5.4846
-0.05299,-0.097447,3.7618
0.4549,-1.5003,3.039
1.2559,-2.4869,3.4577
1.5928,-2.6288,3.9808
1.4747,-2.0588,4.9593
1.22,-1.0906,6.3523
0.92807,0.04326,7.1595
0.28591,1.0194,8.4149
-1.0676,1.0578,10.762
-2.2337,0.032932,13.176
-2.2524,-1.6954,14.659
-1.5388,-2.9248,15.726
-0.24788,-3.6647,16.453
1.0096,-4.8411,17.114
0.91295,-6.636,17.715
-0.063318,-8.5799,17.679
-0.34997,-8.2461,16.486
-0.32737,-5.043,15.217
-0.094304,-3.0351,15.37
0.030536,-1.7358,15.334
-0.23726,-0.47451,14.412
-0.66462,0.09116,12.619
-1.1718,0.078886,10.347
-1.5303,-0.18801,8.1805
-1.5891,-0.82299,6.6438
-1.5753,-1.4782,5.9787
-1.4765,-1.6692,6.2025
-1.1394,-1.6708,6.9506
-0.4103,-1.0394,7.3488
0.37512,-0.37497,7.5686
0.84889,0.22753,7.7283
1.2251,1.1215,7.7929
1.5651,1.9994,7.748
1.6789,2.592,7.1904
1.6017,2.7444,6.1588
1.3851,2.4074,4.8745
1.1072,1.7011,3.9687
0.87972,1.1101,3.5524
0.70174,0.78108,3.1224
0.54502,0.86849,2.8887
0.48409,0.97852,3.394
0.52152,1.0414,4.7405
0.87299,1.3349,6.2139
1.4066,1.6761,7.5054
1.7635,1.4183,8.9295
2.2259,-0.32393,10.614
3.4395,-1.5622,11.772
4.3043,-1.249,11.93
4.2245,-1.8451,12.709
3.6779,-2.6395,14.198
2.5399,-2.3357,15.51
1.0662,-1.0867,16.809
0.4347,1.1541,17.414
0.11137,2.5166,17.202
0.2663,2.3173,17.052
1.0138,1.1313,16.561
1.897,-0.47646,15.685
2.3179,-1.8177,14.644
2.4929,-2.7074,13.492
2.6624,-3.0764,12.115
2.1609,-3.1545,11.068
1.5834,-2.9866,10.289
1.2626,-2.6273,9.6597
0.96385,-2.378,9.034
0.71551,-2.2079,8.2311
0.41628,-1.9627,7.202
0.2422,-1.7349,6.1627
0.72913,-1.5153,5.5847
1.3854,-1.2881,5.6404
1.6708,-1.1495,6.0108
1.6445,-0.95337,6.0947
1.0263,-0.86116,5.844
0.10942,-0.80413,5.3927
-0.48544,-0.46763,4.5993
-0.73452,-0.23471,3.6561
-0.75608,-0.23411,2.9959
-0.86176,-0.37826,2.7773
-0.72105,-0.53289,2.9811
-0.15822,-0.38231,3.8596
0.24893,-0.037123,5.4722
0.35132,0.58079,7.3083
-0.22319,0.32168,9.2316
-0.94124,-0.44413,11.421
-1.4113,-1.0899,13.039
-2.0739,-2.0307,13.544
-3.2083,-3.3878,13.767
-3.1475,-3.4065,14.348
-1.9292,-2.8282,15.594
-1.4936,-3.3596,17.492
-1.5773,-3.884,18.26
-1.6505,-4.3886,17.395
-1.4913,-3.5108,15.8
-1.4337,-3.0101,14.609
-0.92133,-2.9164,14.149
-0.22139,-2.0495,13.904
0.23471,-1.3399,13.365
0.3371,-0.97956,12.374
0.051194,-0.67929,10.99
-0.22573,-0.45939,9.4819
-0.48529,-0.29204,8.3582
-0.90337,-0.34638,7.8236
-1.2066,-0.55145,7.6016
-1.167,-0.60235,7.0887
-0.68737,-0.64142,6.3899
0.12948,-0.61402,5.8338
1.03,-0.34638,5.5283
1.7121,0.15627,5.5695
2.0916,0.64366,5.6954
2.288,1.0269,5.5996
2.2188,1.3198,5.2125
1.8049,1.3896,4.7056
1.5734,1.7222,4.1613
1.365,2.2155,3.9386
1.039,2.203,4.0329
0.93166,1.8328,4.3097
0.79889,1.5764,5.0023
1.0276,1.6135,6.0835
1.3053,1.8957,7.5828
1.3942,2.3884,9.1448
1.5026,2.6703,10.189
0.92882,1.3617,10.61
0.61791,-0.66686,10.161
0.76431,-2.4043,9.1961
1.3241,-4.4696,9.6431
3.0351,-5.3325,12.617
3.2691,-5.1491,16.224
3.0029,-3.6937,19.344
3.3744,-0.94364,20.325
2.9722,1.6126,20.079
2.4399,3.1191,19.373
2.2196,3.1887,17.997
2.0277,2.2179,16.005
1.9232,0.42676,13.597
1.5719,-1.7246,11.517
1.3445,-3.4379,10.407
1.2071,-4.5172,9.9646
1.2613,-4.9902,9.9292
1.2307,-4.7035,10.196
1.0565,-3.8674,10.195
0.79095,-2.9784,10.076
0.42227,-2.482,9.8218
0.28037,-2.2015,9.2288
0.49921,-2.0446,8.1779
0.99558,-1.9147,7.0494
1.5324,-1.8386,5.9964
1.8717,-1.7819,5.0002
2.0054,-1.4912,4.3003
1.7722,-1.1333,3.6081
1.1903,-1.0017,2.9058
0.4552,-0.89709,2.3765
0.020507,-0.68393,2.04
-0.15104,-0.54337,1.8874
-0.25732,-0.61357,2.1691
-0.57016,-0.9393,2.645
-0.84125,-1.2146,2.81
-0.95666,-1.3644,3.3005
-1.1216,-1.2659,4.3558
-1.4339,-1.0228,6.1205
-1.8286,-0.6486,8.1955
-2.1486,-0.15852,9.9024
-2.7459,-0.482,11.381
-3.3732,-1.5873,12.137
-3.5256,-2.6457,12.599
-3.3126,-4.1699,13.406
-2.8848,-5.6138,14.775
-3.3057,-6.8207,16.599
-3.6636,-6.7427,17.544
-2.8893,-3.9708,16.936
-2.3637,-1.3952,16.568
-1.9539,0.015867,16.772
-1.0034,1.2721,16.883
0.089214,1.9786,16.597
0.80143,2.0874,15.641
0.99348,1.5169,14.266
0.68872,0.58753,12.715
0.40865,-0.37243,11.517
-0.034428,-0.82808,10.549
-0.38021,-0.93585,9.7646
-0.41,-0.67884,8.9469
-0.16286,-0.19654,8.1389
0.19849,0.15433,7.3198
0.57361,0.63303,6.4574
0.9131,1.0626,5.4482
1.2637,1.2038,4.4868
1.8256,1.0281,3.6828
2.4664,0.76266,2.7809
2.748,0.59262,2.0172
2.5984,0.44053,1.857
2.0359,0.71102,2.5011
1.5297,1.2258,3.6762
1.4057,2.1182,5.164
1.1587,2.771,6.3419
0.97941,2.7553,7.1186
1.2662,2.0274,7.9579
2.1124,1.1906,8.7057
2.8712,-0.20403,9.5172
3.594,-2.8483,10.615
4.9845,-4.1896,11.562
5.9283,-3.4921,13.519
5.8506,-2.78,16.929
5.0324,-1.8255,20.005
4.3335,0.4796,21.284
3.4081,2.3112,20.879
2.4866,3.0191,19.328
2.1136,2.4817,17.725
2.2533,0.95037,16.193
2.7218,-0.80532,14.401
2.8523,-2.0759,12.567
2.1946,-2.7189,11.11
1.3964,-2.8598,9.9199
0.59771,-2.9194,8.7502
0.05778,-2.4535,7.479
-0.73198,-2.1477,6.0366
-1.6464,-2.4356,4.9966
-1.8588,-2.4784,4.7504
-1.0275,-2.4994,4.6097
0.26166,-2.4546,4.6733
1.5309,-2.1723,5.1315
2.7014,-1.9112,5.6931
2.9128,-1.7079,6.3375
2.22,-1.2324,6.6414
1.3023,-0.30177,6.4215
0.76341,0.64845,5.8096
0.45715,1.1661,4.8867
0.1202,0.68363,4.4031
-0.13053,0.22154,4.198
-0.191,-0.32438,4.4056
-0.083826,-0.66192,5.3148
-0.028591,-0.70967,6.9563
-0.27947,-0.52855,9.2042
-1.0981,-0.055684,11.663
-1.9885,0.39114,13.559
-2.7246,0.87553,14.236
-3.966,-0.49128,14.238
-4.9215,-2.9372,13.9
-4.3883,-3.0921,12.904
-3.236,-4.1795,13.446
-3.1481,-6.6252,15.253
-3.217,-7.2539,15.831
-1.9621,-5.8452,14.749
-1.3002,-4.7788,13.83
-1.3369,-3.7271,13.547
-0.70009,-1.816,13.438
-0.038769,0.11765,13.187
0.088466,1.4068,12.51
-0.067061,2.0371,11.582
-0.068408,2.1632,10.582
0.014969,2.0154,9.8242
0.084874,1.6355,9.1822
0.23651,1.1496,8.4389
0.22618,0.65309,7.5031
0.15568,0.62091,6.5377
0.39922,1.2048,5.53
0.82568,1.6997,4.7282
1.1869,2.0615,4.3603
1.5015,2.2075,4.3859
1.8252,2.0545,4.4706
2.4818,1.9274,4.3574
3.0294,1.7838,4.3504
2.7941,1.4096,4.8261
2.4137,1.1379,5.1403
2.0145,1.2331,5.2523
1.0408,1.8243,6.0199
0.098645,2.5854,7.1695
-0.26121,3.09,8.3679
-0.3588,3.7897,9.1068
-0.058079,4.0823,9.8908
0.56238,3.6193,10.847
1.1342,2.1136,11.584
1.6792,-1.0803,12.547
2.6922,-4.0031,13.813
3.5795,-5.0653,14.979
4.2049,-5.059,16.191
3.7995,-5.7353,17.924
2.7622,-4.685,18.744
2.4271,-1.976,17.924
1.9347,0.068108,16.181
1.1584,0.6953,14.477
1.1086,0.52526,12.85
1.4179,0.10703,11.459
1.5898,-0.36674,10.576
1.7051,-0.87897,10.025
1.6639,-1.3789,9.7883
1.5346,-2.0022,9.7642
1.4122,-2.2512,9.6729
1.139,-1.9079,9.4126
0.792,-1.3909,8.7387
0.65908,-0.75039,7.6798
0.57346,-0.40281,6.5893
0.54921,-0.24055,5.5642
0.82568,-0.29159,4.4266
1.3026,-0.51702,3.6282
1.7594,-0.67525,3.3005
2.0979,-0.86984,3.1698
2.3018,-1.2249,3.2526
2.2242,-1.4393,3.2059
1.735,-1.2339,3.0414
0.98181,-1.0343,2.692
0.2148,-0.91445,2.3217
-0.49173,-0.55999,2.2908
-0.792,-0.22019,2.9851
-0.79919,-0.11975,4.2432
-1.0489,-0.27198,5.7835
-1.5657,-0.65459,7.7479
-1.7695,-0.61387,9.8054
-1.459,-0.479,11.745
-1.3198,-0.76656,13.665
-1.7379,-1.0477,14.702
-1.9693,-0.46344,14.513
-1.6065,-0.57645,14.141
-1.5044,-2.8138,14.603
-2.4404,-5.8603,15.568
-3.5282,-7.3204,15.612
-3.394,-6.4004,14.497
-2.4368,-4.6091,13.672
-1.4732,-2.9204,13.609
-0.50954,-1.411,13.627
0.13203,-0.57301,13.474
0.55744,-0.33321,12.872
0.45595,-0.37976,12.107
-0.039967,-0.72779,11.482
-0.50235,-1.2033,11.21
-0.79889,-1.5901,11.012
-0.90532,-1.6267,10.357
-0.93106,-1.5743,9.4323
-0.93271,-1.4053,8.6493
-0.62824,-0.6513,7.9386
0.144,0.34758,7.1349
1.0176,1.0005,6.3975
1.5351,1.4481,6.0034
2.035,1.5207,5.3686
2.5318,1.3084,4.7167
2.444,0.93765,4.3766
2.1473,0.6748,4.085
1.906,0.68722,3.8386
1.4824,1.3584,3.7799
0.96879,1.6611,4.5146
0.65594,1.81,6.0684
0.99378,2.3131,7.637
2.0971,2.5796,9.1907
3.2229,1.3728,10.951
4.0938,-1.7166,12.286
5.5365,-3.0671,12.368
6.1658,-3.5364,12.668
5.073,-4.6909,14.697
3.2472,-4.4146,17.164
1.9702,-2.0186,18.865
1.224,0.82793,19.357
0.80967,3.4765,19.666
0.63214,4.9261,19.202
0.69949,4.8038,18.274
0.92807,4.1081,16.362
0.98929,2.8198,13.331
0.65504,1.1111,10.325
0.61417,-1.0459,7.8971
0.77015,-3.029,6.0208
0.82164,-4.5131,4.7502
0.66552,-5.6088,4.2589
0.28725,-5.3746,4.197
0.43844,-4.4315,4.0486
0.82389,-3.1462,4.1079
0.54876,-1.6684,5.0503
0.34234,-0.98016,6.2516
0.45371,-0.14909,6.4531
0.36913,0.62465,6.2558
0.32063,1.0007,5.776
0.15672,0.97552,5.1524
-0.15762,0.75428,4.6142
-0.51702,0.3865,4.1616
-0.69785,-0.20208,3.7814
-0.65549,-0.96055,3.7808
-0.89589,-1.502,4.5743
-1.7261,-1.6325,5.925
-2.0817,-1.4156,7.1946
-1.5183,-0.40371,9.4563
-1.2598,0.054636,10.86
-1.0963,-0.15732,12.143
-1.6879,-1.2502,13.705
-3.2189,-2.5486,13.862
-4.1745,-3.3762,13.175
-3.4336,-3.4583,13.625
-2.407,-4.2236,16.588
-2.2009,-4.8234,19.477
-1.4312,-3.0528,20.399
-0.2898,-1.1453,19.673
-0.015717,-0.31973,18.481
-0.18666,0.4109,17.463
0.21361,0.81206,16.096
1.0599,0.79605,14.148
1.5747,0.51837,11.831
1.5979,-0.14999,9.5689
1.3527,-1.0703,7.8905
1.1701,-2.0187,6.9746
1.1481,-2.7302,6.242
1.2304,-3.1792,5.8263
1.2592,-3.2291,5.7614
1.3661,-2.3609,5.7371
1.7719,-1.3628,5.8971
2.1579,-0.6254,5.9355
2.0787,-0.098495,5.8042
1.8136,0.50385,5.7775
1.7012,1.2453,5.4118
1.6517,1.6508,4.7815
1.6193,1.5422,4.3036
1.3204,0.8664,4.0405
0.72345,-0.082329,3.8504
0.24774,-0.68707,3.9245
0.087867,0.054636,4.6619
0.021705,1.411,5.6735
0.29339,2.2299,7.5334
1.3192,3.3637,9.9844
2.7113,3.871,11.782
3.7557,2.6526,12.506
4.8282,1.7858,11.613
5.9801,0.27303,10.489
5.8431,-3.8977,11.162
4.9882,-6.5903,13.014
3.1363,-7.3267,14.469
1.9696,-6.3899,15.67
2.0558,-3.1697,16.69
2.2423,0.63752,17.521
2.4037,2.5574,17.629
2.3932,2.8761,17.187
2.2636,2.5369,16.43
2.5501,2.0199,14.9
2.5125,1.2804,12.736
1.8244,-0.61672,11.175
1.0565,-3.2056,10.418
0.05793,-5.275,9.4977
-0.67869,-5.7454,8.1574
-0.6733,-4.9264,7.1556
-0.46703,-4.0316,6.8498
-0.34668,-2.1413,6.6468
-0.09625,-0.88152,6.5932
0.1919,0.3133,6.8992
1.0516,1.9519,6.7029
1.9847,2.4462,6.4766
2.3809,1.2857,6.651
2.5754,-1.0933,5.7672
2.1968,-3.7617,3.4078
1.4312,-4.9915,0.92388
0.99274,-4.9501,-0.32467
0.482,-4.363,-0.22678
0.31914,-2.6758,0.26854
-0.009131,-0.94723,2.5065
-0.50041,0.48858,5.0509
-0.73168,2.0955,6.5389
-1.5924,2.1028,8.3649
-3.1583,-0.11781,10.488
-4.0179,-2.52,11.686
-4.7376,-5.5159,10.461
-4.8707,-8.0589,8.5333
-4.4541,-8.5846,9.3889
-3.463,-7.9416,13.078
-3.4613,-8.2317,16.866
-3.1515,-7.1497,18.109
-2.0671,-2.8525,17.267
-2.5202,0.119,17.027
-2.7139,0.8655,16.957
-1.4958,1.568,16.527
-0.20537,0.88047,15.775
0.20627,-0.58693,13.542
0.39428,-1.1263,10.249
0.44951,-1.6761,7.942
0.67046,-1.8933,6.8638
1.5204,-0.43559,6.0447
1.469,0.34668,5.4663
0.75353,-0.36958,5.0216
0.39997,0.17244,5.2731
0.56597,0.59352,6.0404
0.88691,0.052391,6.7981
1.4523,0.12948,7.3413
2.0293,0.38335,7.0402
2.0533,-0.32947,5.4563
2.1328,-0.42541,3.6569
2.2206,0.87448,3.1249
1.7129,1.8064,3.9691
1.3481,2.3805,5.0583
0.91101,2.7085,6.2766
0.29264,2.1531,7.7003
-0.27842,1.6556,9.365
-0.74829,2.1621,11.468
-1.1593,2.6133,13.266
-1.0661,2.7276,14.249
-0.58843,1.881,13.849
0.38455,-1.0827,12.142
2.6374,-3.3021,10.399
4.7863,-4.2899,11.098
6.48,-5.3464,12.98
6.1598,-6.5209,15.026
4.7809,-5.8909,16.098
2.4565,-5.4228,15.604
1.0996,-4.0392,14.668
0.46643,-2.3654,15.285
0.15957,-1.7746,15.986
0.021705,-1.5882,15.664
-0.096699,-1.9721,14.474
0.017663,-2.8138,12.6
0.22139,-3.1845,10.74
-0.23052,-3.3406,10.22
-0.81161,-2.8926,10.573
-1.2806,-2.5031,10.657
-1.6368,-2.4076,10.017
-1.7066,-2.388,9.0886
-1.6124,-2.3317,8.2365
-1.1837,-2.3778,7.4177
-0.60025,-2.5761,6.6589
-0.044458,-2.726,6.0133
0.47706,-2.6001,5.5123
0.78212,-2.2356,5.2264
0.85233,-1.6475,4.8649
0.58768,-1.217,4.1842
0.10583,-1.2393,3.2361
-0.26824,-1.3116,2.4336
-0.47646,-1.5599,1.4786
-0.37347,-1.9436,0.69096
-0.37512,-2.2214,0.73677
-0.61851,-2.0512,2.1473
-1.2209,-1.6081,4.6408
-2.1879,-1.4008,7.7868
-3.3852,-1.7699,10.963
-4.1985,-2.8296,13.272
-4.8721,-4.4044,14.13
-5.4803,-6.007,14.071
-5.7079,-6.704,14.064
-5.4,-6.3746,15.386
-4.939,-5.8304,17.777
-4.8486,-5.8352,19.205
-4.3561,-4.8749,18.717
-3.0658,-2.6481,17.142
-2.1697,-1.7566,15.872
-1.4596,-0.75159,15.272
-0.71102,0.94229,14.677
-0.46628,2.0412,13.697
-0.3868,2.3354,12.399
-0.15882,2.3696,11.285
0.21241,2.1121,10.69
0.41135,1.5869,10.235
0.54457,0.94304,9.6819
0.74156,0.31479,8.9333
0.92777,0.029788,7.8506
1.121,-0.067809,6.7038
1.4768,0.024998,5.6597
1.9609,0.42063,4.8653
2.4287,0.87897,4.2366
2.8167,1.1167,3.8325
3.1557,1.0831,3.6551
3.4352,0.97537,3.4683
3.2614,0.71536,3.4283
2.6528,0.26914,3.4678
2.1401,0.1901,3.6541
1.5427,0.76416,4.3473
0.78796,1.8656,5.3108
-0.030686,2.7736,6.1956
-0.67031,3.0393,7.3032
-0.7191,3.4789,8.4305
-0.40685,3.8715,9.6914
-0.14714,3.5626,11.283
0.040715,2.078,12.941
0.88167,-0.063318,13.825
1.9585,-1.7208,13.879
2.9953,-2.2872,14.048
2.7743,-2.9781,15.39
1.3252,-3.5497,17.27
0.4802,-2.3603,17.989
0.40266,0.27618,17.071
0.40072,1.7187,16.082
0.19145,2.0676,15.508
0.18966,2.0468,14.671
0.18157,1.5825,13.128
-0.12005,0.6492,11.279
-0.44742,-0.58588,9.5446
-0.5793,-1.8805,8.2453
-0.83466,-3.0236,7.4341
-1.2827,-3.7105,7.0237
-1.7981,-3.943,6.9036
-2.3893,-3.5533,6.8089
-2.4723,-2.5806,6.6323
-2.2117,-1.7939,6.3532
-2.0834,-1.7719,6.3431
-1.6812,-1.9299,6.3742
-0.98271,-1.9898,6.565
-0.51149,-1.866,6.7875
-0.25597,-1.6476,6.8831
-0.1678,-1.4554,6.6287
-0.2889,-1.1369,5.9271
-0.47002,-0.81925,5.0054
-0.63109,-0.64067,4.2028
-1.0114,-0.59681,3.8099
-1.4011,-0.44098,3.837
-1.6752,-0.35192,4.4452
-1.9582,-0.37841,5.9753
-2.3842,-0.60459,7.9718
-2.6543,-0.82449,10.091
-2.4097,-0.89888,11.913
-2.1578,-1.37,13.519
-2.5449,-2.5185,14.51
-2.6142,-3.681,14.418
-2.5628,-4.5149,13.892
-2.7591,-5.5428,13.813
-3.0962,-7.2157,13.735
-2.6142,-8.0236,13.219
-1.653,-6.7866,13.041
-1.3876,-5.7061,13.823
-0.94873,-3.2033,14.921
-0.49577,-0.052092,15.292
-0.12259,1.9407,14.906
0.20358,3.3789,13.815
0.37347,4.0738,12.03
0.66102,4.0102,9.5687
0.63004,3.1174,7.1961
0.31599,1.4704,5.4615
0.23097,-0.018561,4.342
0.41898,-0.95262,3.8241
0.85472,-0.56822,3.9323
1.6946,-0.11182,4.2209
2.1025,1.0541,5.4198
2.0946,1.6461,6.9994
1.9956,2.1687,7.7922
1.8201,3.3966,7.9542
2.0145,4.2952,7.644
2.2314,4.3268,6.6353
2.1446,3.4816,5.8159
1.7892,2.366,5.8412
1.5491,1.6979,6.3089
1.1878,1.5357,7.5171
0.7441,2.0169,8.9165
0.8682,3.1035,9.9444
1.3256,3.8141,10.595
1.6288,3.1195,11.202
1.8633,0.78676,11.935
2.5275,-1.613,11.783
3.2673,-3.325,11.531
3.4529,-4.839,12.614
3.2215,-5.8615,15.058
3.5951,-4.5787,16.895
3.6573,-2.5119,17.085
3.3692,-0.7694,15.907
3.1092,0.10314,14.457
2.8278,-0.19924,13.033
2.4101,-1.1542,11.855
2.0039,-2.1657,11.256
1.6542,-2.8255,11.17
1.2908,-3.1526,11.633
1.0025,-3.3325,12.08
0.88032,-3.2686,12.027
0.72045,-2.9442,11.546
0.31959,-2.6197,10.698
-0.17379,-2.3574,9.6489
-0.35297,-2.0322,8.3556
-0.27692,-1.9398,6.8903
-0.073497,-2.3333,5.3306
0.043559,-2.7052,4.059
0.15657,-2.6695,3.1191
0.32812,-2.3774,2.1784
0.42557,-2.1368,1.697
0.41149,-1.9367,1.4285
0.28351,-1.7521,1.2483
0.032183,-1.6211,1.127
-0.36883,-1.6675,1.0631
-0.79844,-1.8876,1.302
-1.2239,-1.9549,2.1572
-1.7867,-1.9115,3.7653
-2.0147,-1.8549,5.7636
-1.7862,-1.865,8.0109
-1.788,-2.3576,10.482
-2.2239,-3.6467,13.324
-2.81,-4.7719,15.785
-4.1525,-6.6728,17.394
-5.0209,-7.1869,18.363
-4.4854,-5.8919,18.649
-4.2146,-6.1474,19.89
-3.4125,-6.1167,20.041
-1.8135,-4.6609,18.457
-0.98121,-4.2199,17.441
-0.39638,-3.4057,17.042
0.40117,-1.3292,16.718
1.1086,0.63348,15.786
1.5047,1.7813,14.112
1.3496,2.0708,11.948
0.73078,1.5994,9.5156
0.065564,0.58648,7.2485
-0.15807,-0.36928,5.5274
-0.24384,-1.1969,4.3341
-0.11571,-1.5172,3.772
0.40057,-0.80443,4.3925
0.99064,0.26001,5.566
1.5375,1.4586,6.5731
1.9052,2.6293,7.2587
2.1841,3.4145,7.2906
2.3857,3.6012,6.7267
2.3452,3.3394,5.803
2.0373,2.5772,4.3856
1.7776,1.5798,3.0897
1.6063,1.0767,2.2865
1.0725,0.87014,2.2666
0.39398,0.87299,3.4858
0.1187,1.3819,5.3235
0.37377,2.378,6.9499
1.2408,3.1418,8.6201
2.3515,4.0545,10.076
3.1126,3.7329,11.136
3.2577,0.81476,12.214
3.5915,-2.2935,11.906
3.9778,-4.3308,10.85
4.1124,-6.239,11.468
3.5364,-7.6284,14.338
2.7107,-7.2904,17.958
3.6958,-3.8018,19.662
4.3857,-0.29743,19.958
4.0864,1.2954,20.005
3.8575,1.768,19.45
3.8739,1.7455,18.321
3.7714,1.1635,16.553
3.2364,0.10897,14.267
2.3402,-1.5416,11.918
1.3394,-3.4466,9.7166
0.46224,-4.5573,7.9211
-0.32887,-5.1108,6.5061
-0.58199,-4.8339,5.4536
-0.46987,-4.3428,4.845
-0.15538,-4.9246,4.8085
0.10837,-4.16,4.6713
0.60684,-2.8893,4.5143
1.0674,-2.358,4.4959
1.0709,-1.8472,4.3865
0.92298,-1.4425,4.1352
0.7221,-1.2795,3.7433
0.42796,-1.1542,3.2966
0.22573,-1.2119,2.8297
-0.076341,-1.3692,2.331
-0.56433,-1.4768,2.3113
-0.9149,-1.2246,2.7255
-1.0219,-0.73258,3.5259
-1.1204,-0.29878,4.8031
-1.2632,-0.096998,6.4293
-1.1444,-0.084574,8.4245
-0.92972,-0.26794,10.546
-0.88316,-0.82179,12.916
-0.83556,-1.763,15.813
-1.4117,-3.0945,17.651
-2.2287,-3.6925,17.684
-2.0712,-2.9673,17.014
-1.932,-3.3059,16.753
-2.717,-4.7737,17.351
-3.1783,-5.1357,16.988
-2.5341,-3.8064,15.809
-1.9142,-2.4741,15.131
-0.97732,-0.80622,14.491
0.2413,0.62735,14.001
1.3607,1.173,13.381
2.0316,1.0854,12.485
1.7452,0.78003,11.369
1.309,0.25133,10.073
1.0225,-0.32707,8.7716
0.6251,-0.57016,7.6024
0.49682,-0.83272,6.499
0.66162,-1.2637,5.5752
0.87762,-1.1382,5.0514
1.3385,-0.87957,4.8165
2.0052,-0.53469,4.8879
2.4631,-0.13277,5.0924
2.5947,0.16735,5.1523
2.5829,0.37692,5.0559
2.5169,0.41224,4.9414
2.1227,0.30851,4.6668
1.4021,0.41868,4.2301
0.31734,0.83721,3.9564
-0.73482,1.421,3.9988
-1.5186,2.1877,4.6697
-1.9904,3.0604,5.9028
-1.2831,4.1844,7.4457
0.29803,5.1005,9.5186
2.0021,5.0318,12.412
2.4907,3.5087,14.956
2.6805,1.7331,15.845
3.9724,0.35446,14.621
4.2292,-1.549,13.924
2.8743,-4.1928,13.975
0.91265,-5.8726,14.688
0.3359,-4.8167,15.415
1.2295,-1.9295,16.253
1.6714,-0.14101,17.821
1.8852,0.58783,18.751
2.7264,1.227,18.266
3.2514,1.3403,17.075
3.1932,0.66028,15.079
2.7097,-0.37048,12.408
2.1497,-1.5708,9.7754
1.5533,-3.3101,7.396
0.94469,-4.1747,4.978
0.73527,-4.6808,3.018
0.61732,-4.9325,2.1066
0.62345,-4.7336,2.4459
0.56029,-3.8656,3.9647
0.29773,-1.5598,5.9573
0.21855,0.11796,7.8566
0.66267,0.49023,9.4684
1.1965,0.81745,9.9289
1.5348,1.4635,9.609
1.4905,1.0661,8.9855
0.91999,-0.12215,7.6442
-0.092059,-1.4351,5.0569
-0.76431,-2.2239,2.9251
-0.9872,-2.6606,2.1153
-1.3875,-2.5209,2.9565
-1.9317,-1.6738,4.8396
-2.2925,-0.73333,7.4389
-2.7872,-0.024848,10.3
-2.8523,0.027992,12.859
-2.4896,-0.52915,14.263
-2.2675,-0.80323,15.074
-2.6558,-1.6424,14.976
-2.6945,-1.436,13.778
-2.3064,-1.4225,12.981
-2.3991,-3.4092,12.986
-3.2572,-6.3829,13.178
-3.7142,-7.675,13.035
-2.4025,-6.3267,13.39
-0.7697,-3.8186,14.581
0.65953,-0.81835,15.428
1.5147,1.728,15.579
1.5864,3.4078,15.2
0.95891,4.4428,13.771
0.11885,4.4907,11.383
-0.63887,3.9045,8.8135
-1.0207,2.9691,6.5817
-0.9375,2.0558,4.7971
-0.65534,0.1461,4.1799
-0.85128,-2.6158,4.3871
-0.48544,-2.9275,4.9968
0.89514,-1.1641,5.8193
1.9775,0.024549,7.1322
2.3801,0.67914,8.1874
2.7772,1.5851,8.3944
3.1194,2.0525,8.0576
3.2241,1.9362,7.0685
2.9168,1.0327,5.6527
2.1841,-0.18651,4.3182
1.3168,-0.80293,3.6497
0.64486,-0.53993,3.9212
0.47197,0.25043,4.648
0.66312,1.0796,5.6732
0.90427,1.7105,6.5344
1.4786,2.3351,7.3521
2.1042,2.2973,8.4637
2.3803,1.6291,9.7744
2.0726,-0.46478,10.691
2.1874,-2.9207,11.151
2.7019,-4.3124,10.68
2.7221,-5.3862,10.443
2.0865,-6.1051,12.309
0.97867,-5.6744,14.7
0.53005,-3.7587,15.562
1.0315,-1.6961,15.12
1.516,-0.77599,14.81
1.9727,-0.82404,15.34
2.4568,-0.97852,15.757
2.9038,-0.76626,15.479
3.4472,-0.23082,14.261
3.3731,-0.4546,12.238
2.4224,-1.713,10.154
1.2176,-2.5802,8.5649
0.30013,-2.5937,7.3602
-0.35701,-2.1229,6.6761
-0.72524,-1.5551,6.1447
-0.98226,-1.2504,5.5755
-1.2366,-1.1819,5.0125
-1.389,-1.1471,4.685
-1.4196,-0.93316,4.6228
-1.3426,-0.74036,4.7132
-1.0592,-0.80847,5.0089
-0.37737,-1.012,5.2946
0.50101,-1.3432,5.5779
0.7227,-1.8978,6.0206
0.35551,-2.1389,6.347
-0.1428,-1.9807,6.3076
-0.90726,-1.6292,6.1821
-1.6764,-1.2682,6.5721
-2.1919,-0.94034,7.4151
-2.4812,-0.51702,8.6981
-2.5246,-0.093406,10.712
-2.4342,0.018711,13.073
-2.0214,-0.57406,14.913
-2.0138,-2.0732,16.212
-1.5671,-3.2017,16.291
-0.93675,-3.6334,16.84
-0.50221,-4.1881,16.955
-0.63618,-5.5111,17.437
-1.7485,-6.4676,17.56
-1.7561,-4.717,16.406
-0.43634,-2.0817,15.199
0.19789,-0.85607,14.603
0.68019,-0.042362,14.449
1.6779,0.63333,14.3
2.5949,1.292,13.704
2.7957,1.7168,12.484
2.3875,1.3256,10.601
2.1573,0.91071,8.5857
2.0111,0.432,6.831
1.81,-0.6001,5.4041
1.6127,-1.4613,4.6647
1.4024,-2.4411,4.4775
1.3589,-2.2658,4.6556
1.6,-0.11616,4.7963
1.7355,1.5342,5.5174
1.7829,1.9148,6.4017
1.8424,1.8386,6.5844
1.7238,2.4544,6.0721
1.915,2.7115,5.9536
2.3726,2.0205,5.7795
2.2672,0.82838,5.4806
2.1772,0.065414,5.9326
2.1194,-0.099992,6.5146
1.5018,0.10194,7.2547
0.7673,0.55475,7.8214
0.36404,0.88481,8.8131
-0.034877,0.89768,10.592
0.32602,1.189,12.487
1.3891,1.1022,14.5
2.5115,0.39877,15.416
4.3904,0.5061,14.827
5.3074,-0.57361,14.632
4.4318,-2.8192,16.021
2.7122,-3.994,16.17
0.82374,-4.0739,14.711
0.00464,-2.8052,12.608
-0.14475,-1.3104,11.169
-0.15133,-0.54457,11.22
0.27198,-0.37871,12.495
0.99259,-0.11272,13.171
1.6232,0.26794,12.834
1.6526,-0.05793,12.57
2.1343,0.075144,10.815
1.5205,-0.82688,9.5712
0.6492,-1.8231,8.0844
-0.11601,-2.206,6.7962
-0.54711,-2.2102,5.8458
-0.79859,-1.8316,5.2431
-0.95412,-1.2072,5.6084
-0.80952,-0.6001,6.7718
-0.61133,-0.18442,7.997
-0.24235,0.029638,8.6917
0.037722,0.33321,8.6144
0.16286,0.34309,7.7858
0.18591,0.054337,6.2133
0.25552,-0.34324,4.7186
0.16885,-0.76446,4.3215
0.15867,-1.6062,3.9983
0.1196,-2.4953,3.8868
-0.46987,-3.234,4.9553
-1.0272,-3.3095,6.9083
-0.93166,-2.926,8.7294
-0.76027,-2.1277,9.9025
-0.89499,-1.4771,11.053
-1.2538,-2.0127,11.88
-2.2154,-3.2577,12.129
-3.2917,-4.1371,12.062
-3.9522,-4.8387,11.9
-4.3758,-5.8735,12.228
-5.0083,-7.3226,13.703
-5.572,-8.1106,14.824
-4.451,-6.6415,15.032
-2.3994,-4.2886,16.134
-1.0724,-2.373,17.743
0.28306,-0.44188,18.772
1.5925,1.0727,18.369
2.5202,2.2679,16.476
2.987,2.5802,14.05
2.6707,1.5605,11.139
1.4035,-0.13023,8.5246
0.14071,-2.1965,6.1269
-1.0102,-3.6394,4.4401
-1.6666,-4.2691,3.8504
-1.5696,-4.1896,4.017
-0.88541,-2.9769,4.5573
0.03383,-1.2054,5.265
0.7471,-0.53768,5.8317
1.3206,-0.12813,6.1374
1.969,0.88182,6.1453
2.6234,1.2777,5.6989
3.0888,1.3077,4.7737
2.8754,1.2337,4.0789
1.9591,1.0329,3.5356
1.2087,0.67989,3.2801
0.85487,0.53663,3.5633
0.99827,0.78617,4.05
1.1665,1.343,4.884
1.3424,1.797,6.0597
1.599,1.6871,7.2642
1.7936,0.7709,8.7896
1.987,-1.1757,10.095
2.5363,-4.1124,10.488
3.937,-5.264,9.8103
4.7347,-5.4071,10.091
4.0049,-6.5722,12.663
2.5326,-7.3256,15.431
2.1796,-5.4472,16.893
2.2131,-2.3994,17.34
1.6139,-0.57166,17.652
0.94304,0.33351,17.59
0.76251,0.70219,16.718
0.51792,0.30581,15.039
-0.27019,-1.0402,12.399
-0.47751,-2.244,9.1879
-0.46359,-3.3122,6.7728
-0.77209,-4.1534,5.2027
-0.85502,-4.9694,4.5446
-0.86715,-5.1194,5.3074
-0.28216,-3.5892,6.8179
0.56358,-2.4607,8.0857
1.0257,-1.4641,8.8313
1.3559,-0.09625,9.1545
1.6298,0.93885,9.5804
1.816,1.2858,9.5912
1.8897,0.97073,9.0424
1.829,0.29998,8.2841
1.3024,-1.3304,6.9732
0.57241,-2.411,5.7352
0.2383,-2.3239,4.5231
0.01437,-2.1551,4.0376
-0.53723,-2.1082,4.5986
-1.0635,-1.7752,6.026
-1.2481,-1.2559,7.7636
-1.2393,-0.94933,9.0174
-1.2872,-1.0231,10.793
-1.2092,-1.5577,12.833
-0.85412,-1.9717,14.29
-0.84544,-2.3265,15.296
-1.4122,-3.1355,15.418
-1.8021,-3.8247,14.633
-1.7189,-4.4226,14.119
-1.7557,-5.6653,14.83
-1.9617,-6.5357,16.174
-2.4149,-6.3097,16.736
-2.4595,-4.9248,15.906
-2.4874,-3.6984,14.642
-2.4461,-3.0783,13.851
-1.6493,-2.2525,13.419
-0.021555,-1.3997,13.076
1.644,-1.1388,12.909
2.5205,-1.1182,12.534
2.9336,-1.0628,11.945
3.1953,-1.0032,11.328
3.4517,-0.63483,10.259
3.6728,-0.046404,8.9156
3.7704,0.43155,7.5838
3.4343,0.51134,6.2794
2.882,0.25417,5.1496
2.4696,-0.12843,4.0238
2.1576,-0.62824,3.2286
1.9527,-1.0312,3.1483
1.6824,-1.2056,3.239
1.4761,-0.81416,3.5746
1.3743,-0.01901,4.2624
1.201,0.80877,5.0194
0.97537,1.1679,5.359
0.7914,1.3045,5.4792
0.8161,1.537,5.4927
1.1462,1.7746,5.7995
1.3708,1.6337,6.4423
1.3707,1.2083,7.3392
1.5954,0.97462,8.2722
2.2627,1.4279,9.318
2.8986,2.4411,10.905
3.302,3.0863,12.208
2.8757,2.0537,12.944
2.4278,-0.31644,12.784
2.3413,-2.8167,12.192
2.7176,-4.6528,11.415
2.6196,-5.8635,11.841
1.2655,-6.8276,13.644
0.26719,-6.4613,13.983
0.27947,-4.3669,13.841
0.042661,-2.0259,14.026
0.02889,-1.3858,13.695
0.507,-1.2632,13.282
0.90801,-1.4547,12.508
1.2436,-2.639,11.7
0.86221,-3.9651,11.479
0.35162,-4.5092,11.444
-0.17633,-4.216,11.28
-0.71701,-3.2759,11.166
-0.93975,-2.4586,10.972
-1.2263,-2.1914,10.842
-1.4235,-2.5119,10.47
-1.2288,-3.0203,9.6718
-0.62555,-3.058,8.6728
-0.099393,-2.7007,7.817
0.24639,-2.3034,6.8689
0.48813,-2.6032,5.6231
0.75952,-3.4654,4.333
0.72794,-4.2923,2.8366
0.2154,-4.6853,1.769
-0.21376,-4.0801,1.3524
-0.4109,-3.0069,1.5125
-0.71611,-2.0013,2.4164
-1.0299,-1.6756,3.3316
-0.64905,-1.1264,3.5568
-0.44742,-0.60325,4.2164
-1.2019,1.2587,5.4406
-2.3357,2.2609,6.5655
-3.7964,0.33949,8.6869
-5.7428,-2.2706,12.546
-6.3931,-4.8082,14.708
-5.81,-6.172,15.248
-4.2075,-5.1574,16.512
-2.3874,-3.4343,17.084
-2.173,-3.9546,17.948
-2.4618,-5.0806,17.298
-2.6022,-4.7811,15.49
-2.8173,-4.0479,14.63
-2.4562,-3.3312,13.47
-1.9672,-3.1128,12.607
-1.6551,-3.0685,11.777
-0.80667,-2.6859,10.727
0.59681,-1.5613,9.8721
0.97507,-0.46224,9.9777
1.2471,-0.085921,11.126
1.1876,-0.34369,12.706
0.5519,-0.63678,12.921
0.77494,-0.55011,12.792
1.1595,0.29968,12.798
1.3667,1.4851,11.666
1.4402,1.9789,9.911
1.4746,1.6659,8.019
1.6482,0.76386,5.746
2.0067,-0.020507,3.5611
2.4776,-0.23905,2.1262
2.4456,-0.39638,2.0697
2.6326,-0.23097,2.3618
2.9989,0.03353,2.4151
3.0201,-0.006137,2.8236
3.441,1.4011,2.851
3.4915,3.1776,2.6977
2.9466,3.666,2.8013
1.7524,2.6097,3.0168
0.48424,1.2358,3.6067
0.062869,0.59561,4.5639
-0.35746,0.50819,6.3631
-0.36569,0.99124,8.7502
-0.061223,1.0908,10.085
0.14864,-0.50086,10.219
0.85308,-2.7442,10.361
1.9497,-4.2714,10.719
2.7939,-5.2416,11.861
2.4675,-6.3089,14.208
0.86146,-7.319,16.685
0.435,-5.5518,18.761
0.82942,-1.2858,19.657
0.39772,2.4125,20.139
-0.27453,3.7731,20.173
-0.73647,2.6086,18.57
-0.78272,0.078287,16.183
-0.63558,-2.7335,14.279
-0.52256,-4.7511,12.335
-0.52631,-5.8931,10.09
-0.62735,-6.8138,8.5561
-0.99812,-7.0141,7.7735
-0.97837,-6.0274,7.452
-0.6736,-4.599,7.4469
-0.94813,-3.7079,9.4539
-0.48409,-2.5278,10.456
0.24803,-1.5966,10.534
0.85337,-1.1614,10.36
1.9392,-0.30522,9.1961
2.1871,0.5281,7.4273
1.2077,0.20627,5.819
0.31854,-0.54397,4.6077
-0.41973,-1.0405,3.6475
-0.8649,-1.4626,3.4482
-1.1544,-1.7532,2.983
-1.7873,-1.8819,2.1763
-2.3712,-1.656,2.0296
-3.0534,-1.5101,2.026
-3.6594,-1.5614,2.2082
-3.6792,-1.4966,3.1418
-3.3964,-1.7195,4.8128
-3.2996,-2.488,7.8488
-3.7582,-3.6442,11.191
-3.8916,-4.5004,13.575
-2.6047,-3.9796,15.054
-1.4355,-2.7194,15.478
-2.1781,-3.2192,16.223
-3.9447,-5.5418,17.357
-4.7004,-7.0773,16.889
-3.7204,-6.1757,15.568
-2.9261,-5.1206,15.335
-2.5791,-3.7998,15.422
-1.901,-2.5315,16.005
-1.1224,-1.408,16.244
-0.34249,-0.73243,15.771
0.10793,-0.52316,14.633
0.44083,-0.37407,13.412
0.76476,-0.25058,12.24
0.72809,-0.24414,11.255
0.77718,-0.21076,10.406
0.99558,-0.041763,9.6415
1.3861,0.85382,8.6813
1.7419,2.2899,7.7251
1.6356,3.3192,6.8191
1.2987,3.4955,6.1558
1.2709,2.9293,5.8495
1.515,2.242,5.7928
1.7871,1.6599,5.5738
2.1756,1.286,5.1375
2.3453,1.0243,4.639
2.0549,0.6962,3.6909
1.3938,0.16166,2.7981
0.78691,-0.29968,1.7509
0.6477,-0.43709,1.054
0.65234,0.029938,1.4394
0.32617,0.27947,3.0284
0.30881,0.6953,5.3337
0.58753,1.0671,7.5192
1.1833,1.6199,9.4343
2.1682,2.8445,10.592
2.6157,3.3999,10.997
2.239,2.0187,10.296
1.9335,-0.11331,8.8809
1.3866,-3.3229,8.5284
0.99917,-6.914,9.6072
0.69575,-8.8265,12.49
1.3087,-6.9713,16.434
2.4271,-2.4838,19.939
3.1533,0.66746,21.464
3.0237,1.7301,21.634
2.4687,1.951,20.608
1.53,1.4536,18.871
0.75129,0.83811,16.838
0.46314,0.57002,14.408
0.50146,0.38141,12.256
0.88571,0.12888,10.088
1.0743,-0.15583,8.2856
0.41269,-0.86535,7.1539
-0.4567,-1.932,6.2456
-0.81775,-2.5306,5.5314
-0.87299,-2.6157,5.3035
-0.83541,-2.4006,5.5018
-0.95876,-2.1383,6.032
-1.0204,-1.9801,6.322
-0.85862,-1.872,5.9841
-0.57645,-2.0431,5.1527
-0.47152,-2.4341,4.344
-0.30432,-2.6948,3.5614
-0.39054,-2.9519,3.478
-0.49876,-2.8712,3.8394
-0.62315,-2.3886,4.4489
-0.79545,-1.5463,5.0677
-0.90517,-1.1447,5.8766
-0.2648,-0.45625,6.3206
-0.27303,0.055235,7.1307
-1.0125,-0.37482,8.4775
-2.2691,-1.4417,10.759
-3.5705,-2.8342,14.428
-3.4327,-4.2316,17.375
-2.2817,-4.5362,17.913
-1.9695,-4.8044,21.343
-2.2057,-4.4597,24.784
-1.8407,-2.7582,24.485
-1.07,-0.33426,22.285
-0.95636,0.39937,19.18
-1.4065,-0.5049,15.898
-1.2572,-1.1815,13.666
-0.37302,-1.5065,12.565
0.8414,-1.4592,12.152
1.5523,-1.3132,11.568
1.9732,-1.1731,10.831
2.4399,-0.77479,9.8841
2.6044,-0.15627,8.7742
2.2361,0.030087,7.7064
1.534,-0.42182,6.5377
1.2391,-0.85068,5.3921
1.3319,-1.1007,4.4507
1.4583,-1.2978,3.4698
1.4836,-1.5638,2.8137
1.7138,-1.472,2.5308
2.1801,-0.97956,2.1632
2.3148,-0.6745,2.2998
2.2907,-0.53798,2.0352
2.5408,-0.35611,1.468
2.5534,-0.39892,1.3637
1.9816,-0.31225,2.0162
1.4882,0.24115,3.1324
1.3708,0.92538,4.1157
1.7255,1.9305,5.0743
2.585,3.3548,6.1263
3.2834,4.3986,7.4355
3.825,4.5103,8.9526
3.5207,3.1535,10.3
2.3588,0.26465,11.92
1.6858,-3.804,13.629
2.3769,-5.5115,14.605
3.7543,-5.1286,15.054
4.0834,-5.4533,16.487
3.092,-5.6539,19.495
2.7095,-3.907,21.203
2.6511,-1.3652,21.146
2.2539,0.24818,20.066
1.5157,0.48439,18.557
0.90607,0.14205,16.739
0.25402,-0.32467,15.361
-0.18576,-0.77673,13.552
0.066462,-1.2039,11.212
0.17813,-1.6327,8.5126
-0.52047,-3.0845,6.8511
-1.3026,-4.8755,6.056
-1.652,-5.9551,5.4788
-1.5451,-6.2729,5.1716
-1.3713,-5.9617,5.0926
-1.4196,-5.0827,5.4756
-1.2445,-3.5458,5.7955
-0.99558,-1.9207,5.8081
-1.2165,-1.1066,5.684
-1.3041,-0.7456,5.3958
-1.2577,-0.51972,4.6083
-1.0091,-0.44233,3.95
-0.84574,-0.49876,3.2885
-0.84215,-0.6974,2.7086
-0.85412,-1.1565,2.1269
-0.86775,-1.577,1.5096
-0.87942,-1.7273,1.2526
-0.42976,-1.0626,1.4225
-0.3826,-0.18636,2.7549
-0.56912,0.63124,5.8268
-1.8596,0.47287,8.6119
-3.2969,-1.1367,12.372
-3.0385,-2.3817,15.933
-2.1596,-2.6031,17.921
-1.9916,-3.641,18.411
-2.1608,-5.8932,17.072
-3.1295,-8.1574,15.728
-3.8611,-10.181,15.382
-4.6142,-10.224,15.795
-4.3064,-7.7441,16.612
-2.6339,-4.8035,17.541
-1.5433,-3.2309,18.897
-0.20777,-0.85068,19.697
1.5261,2.4212,19.636
2.6005,4.7215,18.429
2.4691,4.5483,15.798
1.597,3.1155,11.897
1.0802,1.5189,7.7633
1.2385,-1.0261,4.5672
1.2882,-2.9924,2.8192
0.92957,-3.937,2.8857
1.2213,-5.5347,4.2899
1.2572,-5.4891,4.3095
1.6807,-3.7681,3.9989
2.5229,-1.4783,3.8445
2.8805,-0.049397,4.5627
2.6279,0.4317,5.4358
1.7671,0.015867,7.3276
2.2546,1.1875,6.2021
3.1474,2.8659,4.0316
3.1451,2.9875,3.8477
1.9777,3.2107,4.4223
1.0134,3.1733,4.7531
0.2151,2.8429,5.7492
-0.47376,2.2862,6.9893
-1.0761,1.9485,8.2895
-0.85697,2.5842,9.3972
0.053589,3.452,10.537
0.39533,3.1604,12.12
-0.10493,0.090562,12.99
0.7459,-3.3722,11.909
2.6354,-4.549,10.849
4.1922,-4.995,11.391
3.9373,-6.5444,14.545
2.3513,-7.4593,17.877
1.8774,-3.9747,20.002
1.1656,0.26749,20.981
0.13681,1.8876,21.207
-0.18951,1.9422,20.287
-0.39593,1.5331,18.368
-0.02904,0.39967,15.657
0.094603,-1.6211,12.536
0.20537,-4.3441,9.3211
0.52451,-6.6429,6.3549
0.7682,-8.0039,4.6082
0.72958,-8.4547,4.1845
0.23366,-8.286,4.0082
-0.15837,-6.277,3.694
-0.49502,-3.8742,4.5457
-1.4485,-3.0159,7.1556
-0.79275,-1.461,6.6891
-0.76536,0.63423,6.4085
-0.99274,1.5602,6.9158
-0.79919,1.562,6.2973
-0.7676,0.67585,5.3936
-0.75054,-0.3838,4.2094
-0.35611,-1.3933,3.0679
-0.015867,-2.1233,2.2889
-0.19939,-2.7775,1.8011
-0.85891,-2.9897,1.3412
-1.3846,-3.1137,1.1849
-1.6388,-3.0101,1.5336
-1.6365,-2.3937,2.7724
-1.9177,-2.3155,6.4354
-1.6979,-2.2756,10.036
-1.4388,-1.9635,13.479
-1.2017,-1.2129,16.903
-0.17035,-0.32752,18.201
0.022453,-0.64381,18.408
-1.2932,-2.5498,17.671
-2.0573,-4.7769,16.098
-2.3633,-6.9451,15.24
-2.5577,-8.1709,14.892
-1.6967,-6.6144,14.117
-1.0959,-5.0703,14.113
-0.95232,-4.2488,15.355
-0.29953,-2.0506,16.758
0.13936,0.14191,17.648
0.54651,1.5346,17.461
1.0513,2.7725,15.809
1.5231,3.3475,13.635
1.9576,2.5461,11.523
1.6455,1.4758,9.3826
0.86206,0.014669,7.3039
0.37228,-1.5851,5.5189
0.3112,-2.8507,4.2181
0.26226,-3.7005,3.7114
0.4335,-3.4005,3.9287
0.90696,-2.3467,4.8963
1.2358,-1.2312,6.0314
1.3032,-0.46134,6.7183
1.3632,0.17259,7.2416
1.2938,0.70459,7.4493
1.3358,1.3659,7.3027
1.8749,2.3997,6.9538
1.685,2.7863,6.445
1.1939,2.1652,6.2199
0.71521,1.5743,6.0271
-0.37587,0.94678,5.8706
-1.3626,0.39982,6.3076
-1.4625,0.47556,7.0027
-0.73228,1.0053,7.2283
-0.34653,-0.51643,8.7554
0.61791,-3.5764,10.285
3.1143,-4.7391,10.865
5.563,-4.3577,12.021
5.7207,-4.7671,14.27
3.8166,-4.7754,16.339
1.9816,-3.2231,16.752
0.78197,-1.5683,16.149
0.014969,-0.83242,15.443
0.010628,-0.51373,15.011
0.44547,-0.75458,14.703
0.84754,-1.4402,14.036
0.99827,-2.3482,12.676
0.6245,-3.0954,11.253
0.2386,-3.5858,10.328
0.13921,-3.6871,9.7078
-0.63723,-4.7049,9.7226
-1.0228,-4.3342,9.3054
-0.88436,-2.9763,8.4871
-1.1116,-2.2696,7.7603
-1.4289,-1.8849,7.0234
-1.3611,-1.3116,6.2312
-1.237,-1.015,5.8885
-0.79335,-0.8893,5.4644
-0.18337,-0.91116,4.9513
0.43694,-1.2179,4.6339
0.73826,-1.339,4.4802
0.75069,-1.2917,4.3841
0.71491,-1.1215,4.0929
0.57555,-1.0311,3.4165
0.28516,-1.1544,2.5694
-0.026495,-1.4217,1.9168
-0.2172,-1.6696,1.8367
0.003892,-1.2876,2.7752
0.17963,-0.56837,4.8331
0.2187,0.12574,7.3633
-0.27213,0.46329,10.389
-1.1496,0.20028,12.997
-1.8518,-0.77718,14.912
-2.7115,-2.4447,15.284
-3.1334,-3.3538,14.684
-2.9604,-3.3057,14.809
-2.3091,-3.1273,16.008
-2.8758,-4.3278,18.128
-3.3864,-4.2997,19.051
-2.3726,-2.289,18.576
-1.4677,-0.90262,17.969
-1.0489,-0.3347,17.648
-0.42287,0.44488,17.475
0.42721,1.1081,16.877
1.24,1.3276,15.473
1.6112,1.124,13.333
1.5726,0.59531,11.031
1.5057,0.15163,9.033
1.2878,-0.25612,7.7223
0.98196,-0.59756,6.6198
0.72644,-0.94798,5.4732
0.53409,-1.3352,4.2881
0.56507,-1.4514,3.1854
0.88646,-1.3388,2.3422
1.3209,-1.3497,1.9208
1.9353,-1.1849,2.1768
2.1449,-0.84514,2.7499
2.1783,-0.45176,3.2216
2.2142,0.22917,4.0075
2.1013,0.91819,4.8203
2.0681,1.3957,5.4782
1.9907,1.8909,5.7759
2.0251,2.3001,5.5904
2.1275,2.5396,5.333
1.7564,2.4203,5.8626
1.3593,2.2763,6.9331
1.4628,2.6157,8.3911
1.6903,2.8356,9.6413
1.6976,1.8952,10.564
1.6726,-0.39144,11.429
2.2006,-2.4747,11.588
3.6305,-3.106,10.975
4.6143,-3.8847,11.788
3.6958,-5.0131,14.965
3.3622,-4.4818,17.829
4.1839,-2.1867,19.398
4.2122,-0.53259,19.768
3.7873,0.49218,18.918
3.1069,0.52675,17.906
2.6925,0.88556,16.868
2.5263,0.38201,15.375
2.0639,-0.36808,13.672
1.5009,-1.2059,11.995
1.1029,-2.2588,10.745
0.77209,-3.2716,9.8233
0.35431,-3.7063,9.0487
-0.06272,-3.6813,8.4534
-0.42736,-3.4934,7.8396
-0.7938,-3.2264,7.3635
-1.0953,-2.8258,7.0993
-1.155,-2.228,6.7095
-1.0297,-1.4277,6.52
-0.81086,-0.76581,6.3423
-0.7926,-0.49921,5.5472
-1.0074,-0.65773,4.598
-1.2599,-0.77868,3.5092
-1.114,-0.83362,2.545
-1.0176,-0.936,1.6752
-1.0632,-1.0105,1.1617
-1.1505,-1.0161,1.0204
-1.3637,-0.83631,0.95711
-1.7073,-0.68438,1.6996
-1.9614,-0.47391,3.2209
-1.8719,-0.060474,5.3162
-1.8226,0.10778,8.1169
-2.09,-0.46703,10.771
-2.67,-1.7494,13.373
-3.5249,-3.5211,15.458
-4.5639,-5.3692,16.435
-4.4839,-6.3923,16.182
-3.9018,-6.8751,16.576
-4.2411,-7.4479,18.687
-3.6081,-5.9868,19.741
-1.8901,-2.3275,19.319
-1.7352,-0.32482,18.796
-1.9753,0.95876,18.741
-1.3673,2.9555,18.731
-0.51253,4.5525,18.237
0.42497,5.2454,16.53
0.81476,4.7047,13.855
0.81176,3.2842,10.59
0.95112,1.6202,7.5073
0.99274,0.036674,5.1488
1.0424,-1.2578,3.4927
1.1537,-2.2438,2.5999
1.2001,-2.8835,2.3729
2.025,-2.2485,2.854
2.929,-1.3177,3.7097
3.0195,-0.90247,4.627
3.0309,-0.37243,5.3398
3.2701,0.56627,5.7573
3.4499,1.2647,6.114
3.7259,1.5595,6.2492
3.9126,2.2078,5.9422
3.735,2.2428,5.3397
2.9782,1.5831,4.5689
2.3254,1.0273,4.0678
1.8057,0.87463,4.0072
1.3083,0.97896,4.9724
1.2348,1.5957,6.6547
1.4535,2.4967,8.3716
1.8653,2.6983,10.155
2.1073,1.5523,12.082
2.4431,-0.024699,13.14
3.4696,-0.65384,13.034
4.4796,-1.4909,13.01
4.2666,-3.0206,14.483
3.7136,-3.9377,15.858
3.4621,-3.8792,17.223
2.9811,-2.6419,18.274
3.0843,-0.35401,18.501
3.3164,1.2363,18.047
3.2562,1.9204,17.196
2.9689,0.96519,15.691
2.4163,-0.28142,13.965
1.6373,-1.4246,12.096
1.0055,-2.6523,10.843
0.8658,-3.6684,10.249
0.82568,-4.0239,9.8428
0.43799,-3.7766,9.1463
-0.027094,-3.233,8.3261
-0.85906,-2.7302,7.55
-1.7141,-1.9968,6.7128
-2.3396,-1.087,5.9649
-2.7906,-0.32198,5.5704
-3.0001,0.15223,5.5193
-2.7754,0.42721,5.1893
-2.1408,0.42003,4.6709
-1.3581,0.083377,4.0091
-0.68093,-0.60759,3.671
-0.18831,-1.2957,3.3484
0.043559,-1.8302,2.8406
0.003742,-2.0181,2.6148
-0.19639,-1.9145,2.5746
-0.7456,-1.6779,2.8174
-1.458,-1.2159,3.5979
-2.012,-0.6239,5.0448
-2.7064,-0.61118,7.2554
-3.5292,-1.4141,10.011
-4.1594,-3.1128,12.974
-4.2158,-4.7423,15.398
-3.4617,-5.2684,16.743
-2.5561,-5.3936,17.148
-2.5155,-5.8543,18.408
-2.6631,-6.0155,19.333
-2.0611,-4.2968,19.021
-1.154,-1.6689,18.521
-1.0085,-0.30911,18.672
-0.97627,0.66058,18.818
-0.79126,1.6123,18.398
-0.75877,2.0516,17.172
-0.62091,2.2437,15.296
-0.30941,2.1455,13.054
0.09595,1.6374,10.82
0.27064,0.8884,8.9081
0.50071,0.32288,7.5522
0.85712,0.27902,6.5454
1.1065,0.554,5.7196
1.278,0.79739,4.9242
1.5178,0.94603,4.1034
1.6999,0.92612,3.5228
1.9627,0.77494,2.9474
2.1759,0.59172,2.6478
2.5851,0.61477,2.6972
2.9085,0.7685,2.7974
2.9507,0.8399,2.8839
2.8592,0.84739,2.8821
2.5944,0.75264,2.9831
2.2613,0.91565,3.2122
2.0214,1.3406,3.5171
1.7982,1.7529,3.9786
1.2644,2.1802,5.0451
0.46089,2.7236,6.4258
0.216,3.4021,7.7581
0.76611,4.1112,8.9551
1.5409,4.167,10.175
1.4744,3.8108,10.933
1.8105,1.4681,10.977
2.9049,-1.0748,9.9965
3.2307,-2.5359,9.7846
2.6978,-4.6634,10.485
1.4921,-6.5676,13.147
0.61133,-6.1354,17.005
1.7536,-2.5887,20.224
3.0867,1.5147,21.968
3.9313,4.5863,22.766
4.2009,5.5075,22.844
3.8962,4.7757,22.307
2.9635,2.5682,19.959
2.1269,0.076641,16.821
1.7647,-2.1394,13.184
1.4467,-4.075,9.7744
1.0664,-5.8208,7.5868
0.66612,-6.8668,6.4463
0.4817,-5.6602,5.9935
0.68483,-4.4618,5.7383
0.84275,-4.5972,5.5475
0.6489,-3.1542,5.0463
0.73677,-1.9838,5.1345
0.72883,-1.5554,5.2907
0.65758,-1.2126,5.036
0.55445,-1.1141,4.6016
0.39578,-1.1484,4.0525
0.1193,-1.1282,3.1785
-0.14325,-0.99797,2.3191
-0.50116,-0.77868,1.6532
-0.84829,-0.61492,1.6035
-0.85832,-0.44772,1.6304
-0.50086,-0.35985,1.9537
-0.58678,-0.69081,3.1137
-0.85592,-0.88661,4.4926
-1.1379,-0.84604,6.0295
-1.7819,-0.97867,8.0555
-2.4482,-1.3366,10.349
-3.0424,-2.4453,12.22
-3.6705,-4.1604,13.311
-4.0289,-5.5696,13.16
-3.4698,-5.8166,12.32
-3.0167,-6.7284,14.027
-2.839,-8.445,16.898
-2.1941,-6.4811,18.614
-0.50026,-3.0593,19.271
0.17109,-0.57735,20.294
0.32168,1.152,20.993
0.99318,2.8897,20.366
1.5298,3.9702,18.753
1.8052,3.8922,15.98
1.2804,2.9329,12.671
0.6019,1.913,9.4254
0.50415,0.46823,6.5249
0.6016,-1.0104,4.3368
0.94693,-1.7065,3.0927
1.1843,-2.1648,2.6481
1.3054,-2.5715,3.2969
1.6234,-2.1618,4.3715
2.2801,-0.51134,6.1312
2.8168,0.37856,7.9528
3.3909,0.90113,8.9158
3.462,1.7599,9.3075
3.2056,2.4607,8.718
2.7865,2.6815,7.2322
2.1364,2.2253,5.3885
1.4182,1.1285,3.6837
1.1575,0.14445,2.5549
1.1607,-0.4338,2.1727
1.1872,-0.7956,2.8522
1.5211,-0.69949,4.4196
2.041,0.20118,6.7637
2.7637,1.7253,9.1354
3.1706,2.9314,10.948
3.3592,3.187,12.821
2.9522,1.8714,14.183
2.5968,0.20298,13.398
2.7104,-1.8675,11.82
2.4937,-4.5993,12.155
1.4969,-6.8848,13.879
0.56582,-7.0951,15.267
0.58962,-4.5213,16.409
1.1534,-0.8667,17.282
1.4701,1.7193,17.968
1.8166,2.4468,18.518
2.1389,2.4236,18.051
2.1015,1.9436,16.844
2.0639,1.1101,14.926
1.6105,0.037272,12.649
0.87867,-1.3713,10.403
0.35895,-2.6293,8.4999
0.077688,-3.699,6.9262
-0.25357,-4.0774,5.5861
-0.52855,-4.2185,4.699
-0.70848,-4.0623,4.4157
-0.65638,-3.3467,4.8342
-0.35012,-2.5202,5.4961
-0.11466,-1.8144,6.0093
0.082778,-1.1761,6.3498
0.37302,-0.58483,6.3791
0.52646,-0.16795,6.1512
0.50041,0.047451,5.6578
0.41,0.017214,4.9007
0.27408,-0.37437,3.9531
-0.017214,-1.0567,2.9704
-0.40865,-1.5581,2.3422
-0.73198,-1.5951,2.4892
-0.95217,-1.2689,3.4172
-1.1149,-0.7673,4.7879
-1.4026,-0.54277,6.6185
-1.765,-0.59127,9.0309
-1.7668,-0.54861,11.479
-1.611,-0.86116,13.632
-1.5821,-2.1632,14.894
-1.4822,-3.0297,14.62
-1.0004,-3.9048,13.96
-1.0192,-5.8362,14.098
-1.367,-7.4578,14.339
-1.4511,-7.8203,14.033
-1.089,-6.2935,13.799
-1.2501,-4.7198,14.396
-0.85203,-3.0819,15.198
0.59277,-1.1709,16.111
1.5958,0.39952,16.85
2.3893,1.4848,16.841
3.0656,2.5836,15.432
2.9408,2.8495,13.436
2.1783,2.0299,11.833
1.2872,1.2381,10.008
0.9625,0.95965,8.1836
0.8152,0.46478,6.5315
0.64276,0.030986,5.04
0.64905,-0.001946,4.2347
1.0281,0.11586,4.4573
1.6265,0.33066,5.7495
2.2284,0.58828,7.1827
2.6222,0.8899,8.0699
3.0026,1.2373,8.402
3.2667,1.5907,7.9299
3.0313,1.4649,6.7718
2.2796,0.83377,5.3816
1.6698,0.24444,4.2351
1.2867,-0.20567,3.4545
1.0207,-0.47347,3.3813
1.1978,-0.1666,3.9612
1.7154,0.69426,4.955
2.0326,1.2673,5.9494
2.1904,1.6511,7.1592
2.4365,1.9943,8.6593
2.7305,1.6409,10.125
3.0923,0.16002,10.938
3.6379,-2.2194,10.588
4.0492,-4.1247,9.6476
4.2094,-6.078,9.8384
3.6738,-8.4844,12.022
2.6098,-9.8019,15.139
2.9294,-6.4037,16.584
3.3354,-1.9145,17.593
2.8875,0.58753,19.103
2.6457,2.0355,19.514
2.2399,2.842,18.643
1.5169,2.7785,16.798
0.75892,1.3911,14.18
-0.016915,0.11107,11.166
-0.4106,-1.0511,8.6799
-0.58379,-2.3256,6.8225
-0.72704,-3.3093,5.249
-0.63199,-3.6671,4.2316
-0.51747,-3.6524,4.0254
-0.46119,-3.2966,4.2471
-0.51957,-2.4541,4.692
-0.35551,-1.8804,5.3526
-0.17783,-1.3583,5.9878
0.13547,-0.60369,6.451
0.62315,-0.0964,6.7502
0.85382,-0.098345,6.84
0.62765,-0.46059,6.5133
0.32003,-0.79739,5.3464
-0.22319,-1.0481,4.2501
-0.6971,-1.1502,3.4595
-0.98974,-1.1707,2.9577
-1.1679,-1.1577,2.974
-1.2858,-0.87972,3.8239
-1.1854,-0.46119,5.178
-0.99738,-0.1428,7.118
-0.82808,0.22498,9.4299
-0.69875,0.51089,11.799
-0.74814,0.23127,13.855
-1.2888,-0.88691,15.143
-2.2087,-2.1649,15.683
-2.7923,-2.9065,15.776
-3.2319,-3.8789,16.688
-3.9488,-5.6045,18.354
-4.601,-5.6572,18.877
-4.3709,-3.9588,18.278
-3.5421,-2.5678,17.141
-2.8641,-2.2693,16.64
-1.7496,-1.6096,16.637
-0.32947,-0.56193,16.167
0.6724,-0.23142,15.568
1.0035,-0.32527,14.06
1.0995,-0.47062,11.679
1.0272,-0.70039,9.1665
0.90337,-1.059,7.813
0.28396,-1.7591,7.069
0.099693,-2.0994,6.4402
0.23322,-2.0084,6.0738
0.58498,-1.6963,5.5683
1.114,-1.2409,5.3142
1.7325,-0.63273,5.4124
2.4187,0.093705,5.3488
2.8375,0.73467,5.4321
3.1469,1.2803,5.6352
3.5388,1.7416,5.7251
3.7521,1.8567,5.5993
3.6656,1.6633,5.1854
3.3234,1.5478,4.7052
2.7594,1.6768,4.1726
2.2191,1.9046,3.8606
1.7919,2.0474,4.1805
1.4641,2.2006,5.305
1.4402,2.605,6.7679
1.609,2.911,8.1761
1.959,3.0002,9.5352
2.2468,2.4724,10.791
2.4047,0.48903,11.92
3.2256,-1.4653,11.967
4.0712,-2.7074,11.869
3.9992,-4.6832,12.963
3.0158,-7.0857,14.336
2.2961,-8.3613,15.038
2.3155,-7.2237,14.88
2.1076,-4.372,15.241
1.8437,-1.7163,15.715
1.5699,-0.34668,15.942
1.1637,0.52092,15.711
0.5519,0.96759,14.401
0.1187,0.21001,12.651
-0.097747,-1.2626,10.81
-0.10763,-2.8218,9.1452
-0.1208,-4.5543,8.1306
-0.25297,-5.5867,7.2735
-0.34219,-5.6479,6.7662
-0.49487,-4.8474,6.6911
-0.61477,-3.6017,6.6273
-0.96624,-2.7746,6.6911
-1.3206,-1.9537,6.4793
-1.5798,-0.95067,6.1208
-1.8166,-0.036524,5.8359
-1.9093,0.54621,5.3556
-1.6779,0.79455,4.7109
-1.3123,0.56552,4.305
-1.1083,-0.2898,3.8748
-0.64381,-1.1117,3.3017
-0.36808,-1.7636,3.1384
-0.41419,-2.1271,3.5226
-0.6477,-2.0906,4.1666
-1.1888,-1.953,5.6427
-1.7594,-1.6764,8.0753
-2.3419,-0.94454,10.604
-2.8534,-0.29563,12.852
-3.1333,-0.3826,14.779
-3.2241,-1.3738,15.689
-3.0881,-2.5473,15.328
-3.2264,-4.1419,15.007
-3.1592,-6.0003,14.678
-2.9894,-7.2997,14.93
-2.6315,-7.5051,15.375
-2.0739,-6.3791,15.681
-1.6395,-4.7495,16.123
-1.5785,-3.2294,16.569
-1.245,-1.5904,16.675
-0.96055,0.18591,16.592
-0.66836,1.4801,15.577
-0.30252,1.9714,13.892
-0.036524,1.8656,11.815
0.061372,1.5361,9.5883
0.3142,0.92957,7.7771
0.46583,-0.068108,6.2568
0.32093,-0.85203,5.4051
0.42811,-1.0918,5.1478
0.93585,-0.88556,4.9734
1.7328,-0.34818,5.2443
2.2269,-0.22603,5.9367
2.0853,0.27603,6.3392
2.181,1.2322,6.6375
2.3911,2.122,6.8119
2.6209,2.8487,6.6171
2.764,3.0276,6.161
2.4853,2.4964,5.2821
2.0004,1.4448,4.1131
1.7895,0.63812,3.4035
1.7473,0.24594,3.4348
1.6824,-0.16017,4.1693
1.5788,-0.22708,5.4077
1.6072,0.27213,7.1643
1.565,1.3087,9.4277
1.4976,2.0762,11.369
1.4912,2.9876,12.618
1.3758,2.1929,13.073
1.8681,-0.031435,12.033
2.8041,-1.0348,10.653
3.5825,-3.1575,9.9414
3.707,-7.3771,11.202
3.0023,-10.504,13.811
2.4994,-10.457,15.888
2.8165,-7.3095,16.95
2.8037,-3.5309,17.865
2.626,-0.92717,18.684
2.7595,0.91699,18.622
2.5375,1.9807,17.909
1.7575,1.6719,16.313
0.45131,0.75234,13.717
-0.61956,-0.47736,11.065
-1.2474,-2.1564,8.6563
-1.5955,-3.3556,6.1585
-1.6605,-4.1229,4.3986
-1.5348,-4.6375,3.4701
-1.2307,-4.5522,3.3737
-1.0438,-3.9422,3.9156
-0.83646,-3.2336,4.4181
-1.067,-2.3666,4.9821
-1.5777,-1.133,5.7825
-1.5457,0.12619,6.2519
-1.2545,1.0132,6.1985
-0.78138,1.6752,5.6678
-0.42916,1.5601,5.0027
-0.77419,0.7471,4.1127
-0.85412,-0.24714,3.0694
-0.54457,-0.87882,2.1227
-0.49203,-1.8515,1.4824
-0.61417,-2.5083,1.2762
-0.82404,-2.6916,1.7319
-1.4062,-2.6097,3.259
-2.0232,-2.2155,5.7677
-2.707,-1.7036,8.5468
-3.8211,-1.8196,11.58
-4.8831,-2.5371,14.033
-4.5901,-3.5732,15.151
-3.8597,-4.4926,14.918
-3.3851,-6.0721,15.06
-3.4595,-8.6083,16.182
-3.3738,-10.213,17.074
-2.1709,-7.91,17.232
-0.88062,-5.161,17.755
-0.90786,-3.9305,18.503
-0.86625,-2.5211,18.8
-0.66073,-0.31973,18.534
-0.16556,1.5217,17.258
0.13367,2.4922,15.31
0.29728,2.4856,12.852
0.49218,1.734,10.34
0.4073,0.51164,8.4174
0.2642,-0.38949,6.9709
0.31779,-0.64576,6.0049
0.48649,-0.71237,5.5502
0.60325,-0.086071,5.3369
0.99947,0.6956,5.2288
1.6189,1.1453,5.4306
1.9398,1.4887,5.6181
1.9416,1.8034,5.5073
1.7368,2.0198,5.1432
1.6485,2.1768,4.5739
1.727,1.9379,3.9242
1.6524,1.3444,3.3969
1.6527,0.9848,2.9528
1.5292,0.8646,2.9117
1.1415,0.88526,3.6054
0.71731,1.2554,4.9084
0.31944,2.3019,6.6661
0.10029,3.2676,8.7593
0.064366,3.7955,10.953
0.44652,4.3016,12.814
1.0155,2.3968,13.454
2.0464,0.020956,13.495
2.7475,-2.0433,13.032
2.9255,-4.9448,13.677
2.5898,-6.1899,15.445
2.8662,-4.5531,17.546
3.2291,-1.6023,19.181
2.9643,0.88197,19.595
2.8442,2.4676,19.228
2.5956,3.0605,18.269
2.2572,1.9204,16.718
1.6003,0.48305,14.67
0.71641,-0.89274,12.612
0.035177,-2.0431,10.585
-0.46957,-2.7483,9.2106
-0.91654,-3.1204,8.4703
-1.1739,-3.2484,8.031
-1.2291,-3.2568,7.7629
-1.1143,-3.0923,7.2301
-0.90831,-2.8733,6.7495
-0.7944,-2.6404,6.1988
-0.66357,-2.3007,5.7093
-0.61762,-1.8998,5.3713
-0.57031,-1.4141,4.9942
-0.50086,-0.90277,4.6667
-0.42197,-0.53813,4.5187
-0.34907,-0.39353,4.2018
-0.26076,-0.43455,3.7894
-0.12679,-0.57151,3.2683
0.006736,-0.82508,2.8296
0.00973,-1.1188,2.3919
-0.21795,-1.4509,2.2105
-0.64097,-1.6641,2.5348
-1.1891,-1.5378,3.5145
-1.7916,-1.0472,5.2256
-2.4311,-0.31674,7.4133
-3.4413,0.15807,9.9179
-4.6089,-0.31554,12.185
-5.1071,-1.6315,13.565
-5.1896,-3.3051,14.283
-4.9035,-4.8052,14.23
-4.9212,-6.1817,14.491
-5.3422,-7.7277,15.6
-4.8432,-7.8283,16.234
-3.3234,-5.243,16.527
-2.1682,-2.9872,17.109
-2.1272,-1.7786,18.07
-1.9674,-0.20537,18.578
-1.5229,1.4301,18.599
-0.96489,2.5398,17.682
-0.62959,2.87,15.843
-0.62255,2.3101,13.527
-0.53918,1.4312,11.179
-0.17723,0.59621,9.2945
-0.12409,-0.11062,8.0652
-0.16316,-0.24384,7.3859
0.14924,0.24175,7.1816
0.75548,0.83661,7.1608
1.5336,1.3821,7.1571
2.095,1.6087,6.9472
2.3795,1.5479,6.3809
2.5097,1.4187,5.585
2.6136,1.2387,4.6501
2.6932,0.93451,3.5651
2.5869,0.52556,2.5781
2.2853,0.12604,1.8368
1.9605,0.029339,1.3803
1.6502,0.27228,1.4616
1.2183,0.56418,2.1349
0.73662,0.8896,3.54
0.42422,1.5496,5.4379
0.55564,2.7251,7.0563
0.97223,4.0669,8.5716
1.4541,4.6606,9.8905
1.6943,4.0491,10.477
1.2315,1.7473,10.515
1.566,-1.0758,9.961
2.5221,-3.3337,9.3352
2.5781,-6.0784,10.093
2.3348,-8.8002,11.564
1.5491,-9.2115,14.433
1.4939,-7.2448,17.584
2.5435,-2.9182,19.052
2.7894,1.5969,20.338
2.47,3.8539,21.083
2.3086,4.7995,20.537
1.9223,4.8505,18.762
0.75084,3.1279,16.35
-0.6712,0.41823,13.204
-1.2486,-2.1185,9.9926
-1.3041,-3.5714,7.3785
-1.2385,-4.915,5.9471
-1.2167,-5.913,5.0746
-0.91295,-5.5695,4.8662
-0.33949,-4.5426,5.0876
0.15029,-3.7705,5.3916
0.46014,-2.8335,5.6383
0.626,-1.9049,5.8331
0.46419,-1.1337,5.8691
0.29249,-0.45954,5.6983
0.16451,-0.022004,5.5111
0.05748,0.16735,5.111
-0.014669,0.070354,4.4984
-0.060025,-0.3386,3.5979
-0.12694,-0.97896,2.6071
-0.37332,-1.6,2.0263
-0.66761,-1.9735,1.818
-1.1194,-2.0894,2.3308
-1.9362,-1.8536,3.9269
-2.6312,-1.245,6.0607
-3.3696,-0.66058,8.5185
-4.4276,-0.40236,11.426
-5.0586,-0.57241,14.093
-5.4003,-1.752,15.635
-5.3214,-3.0358,15.88
-5.0201,-4.4016,15.618
-4.7718,-5.9465,15.74
-4.7396,-7.2702,16.106
-4.3151,-7.5871,16.06
-3.2138,-6.5628,15.485
-2.4775,-5.2102,15.556
-2.0373,-3.6849,16.62
-1.3313,-1.33,17.689
-0.82568,1.2578,18.543
-0.074246,3.4003,18.214
0.49442,4.7932,16.724
0.57391,5.1517,14.731
0.46209,4.2881,12.338
0.47601,3.118,9.581
0.71401,2.0326,7.1137
0.83661,1.386,5.3669
0.96235,0.85712,4.0958
1.1162,0.17678,3.2879
1.4834,0.36329,3.0185
2.0019,0.83332,3.7642
2.3289,1.0311,4.7236
2.4573,1.5119,5.5951
2.601,2.0656,6.289
2.7046,2.6859,6.5058
2.8329,2.6854,6.3413
2.6139,2.1709,5.6424
2.0227,1.7338,4.4839
1.5437,1.3658,3.6094
1.2098,1.0358,3.3277
0.90771,0.92448,3.6793
0.62914,0.96893,4.7721
0.10508,1.2524,6.2974
-0.41194,2.1109,8.0127
-0.56897,3.5057,10.136
-0.48724,4.51,11.859
-0.44982,4.1618,12.918
0.1193,2.4492,12.584
1.1728,0.25941,11.386
2.2347,-2.4402,10.56
2.6185,-5.7991,10.546
1.9382,-8.7367,12.521
1.91,-8.6806,15.071
2.9013,-4.4232,16.824
2.8055,-0.51762,17.656
2.0395,1.5367,18.295
1.7029,3.0631,17.775
1.3614,3.2209,16.533
0.84694,2.0458,14.744
0.3112,0.51433,12.454
-0.11376,-1.2161,10.338
-0.42961,-2.5133,8.6293
-0.73228,-3.2364,7.4196
-0.95097,-3.4665,6.5511
-1.2288,-3.3234,6.1079
-1.5493,-3.0165,5.9893
-1.8358,-2.6056,6.0871
-1.968,-1.8537,6.3167
-1.9293,-0.95486,6.5215
-1.6686,-0.14131,6.6077
-1.4485,0.48409,6.7531
-1.1914,0.82089,6.8584
-0.98989,0.81012,6.8056
-0.59965,0.45865,6.6817
-0.44068,0.090262,6.3529
-0.20672,-0.087269,5.9238
0.092508,-0.12858,5.3639
0.28935,-0.16077,4.8864
0.13427,-0.30282,4.9652
-0.21046,-0.42347,5.5344
-0.62241,-0.4085,6.2462
-1.2665,-0.19804,7.4897
-1.8877,0.042063,9.4085
-2.4871,0.12843,11.473
-2.7273,-0.14864,14.066
-2.6802,-0.13861,16.31
-2.2998,-0.87433,17.11
-1.9368,-1.5738,16.704
-1.4837,-2.2143,15.847
-1.7068,-3.621,15.23
-1.9778,-4.799,15.019
-1.1493,-4.7677,14.878
-0.1214,-4.7748,15.36
0.36808,-3.5009,15.751
0.59007,-2.254,16.409
1.2271,-1.1194,16.117
1.824,-0.010029,15.563
2.079,0.54621,14.213
2.0691,0.30327,12.628
1.583,-0.40281,11.278
0.7718,-1.1034,10.451
0.36823,-1.1743,9.8955
0.45116,-0.8182,9.4912
0.60429,-0.13637,9.2318
0.75817,0.90083,8.9372
1.0652,1.7039,8.3007
1.3637,2.1175,7.4958
1.4616,2.2387,6.7327
1.4716,2.1353,5.9358
1.4752,1.9335,5.2152
1.4723,1.7802,4.6627
1.4918,1.7539,4.167
1.4036,1.9076,3.6379
1.2393,2.0808,3.1994
1.1791,2.0436,2.8192
1.086,1.8594,2.636
0.7691,1.7829,3.1267
0.49143,1.9281,3.9257
0.25881,2.1266,4.8647
-0.098645,2.3076,5.9169
-0.263,2.5006,6.7311
0.046404,3.3933,7.6347
0.54142,3.1503,8.739
1.1911,1.2463,9.7772
2.4288,-0.73707,10.106
3.6787,-2.0358,10.101
4.0152,-3.6555,10.642
3.2328,-6.1736,12.416
1.8569,-8.0827,14.657
1.1803,-7.346,16.315
1.971,-4.3441,17.031
2.4768,-0.65968,17.318
1.9055,1.3065,17.499
1.3506,1.8766,17.008
0.63483,2.0058,15.869
-0.071701,1.4761,14.291
-0.57241,0.35925,12.371
-0.71671,-1.2051,10.522
-0.55699,-2.8266,9.3193
-0.15133,-3.8573,8.3466
-0.017663,-4.3498,7.5979
0.16211,-4.5396,7.0451
0.48514,-4.4878,6.3724
0.50954,-4.2113,5.6153
0.25986,-3.825,5.142
0.011975,-3.5032,5.0251
-0.3362,-2.8911,4.895
-0.75473,-2.1244,4.8249
-0.92702,-1.3556,4.8101
-0.99034,-0.65609,4.7787
-0.98061,-0.12155,4.6415
-0.83886,0.19564,4.4218
-0.55939,0.072749,4.2551
-0.23711,-0.51687,4.1938
-0.13517,-1.2833,4.1257
-0.41688,-1.8768,4.2759
-1.1237,-2.195,4.9481
-2.073,-2.1569,6.3878
-2.7209,-1.5566,8.4332
-3.1658,-0.65504,10.541
-3.722,-0.056882,12.823
-4.0393,-0.89424,14.712
-4.0868,-2.2817,15.537
-3.9736,-3.3732,15.269
-3.3506,-5.5177,14.766
-2.8773,-8.5884,15.188
-2.6173,-10.638,15.597
-1.8307,-9.9669,15.564
-0.90726,-7.7278,16.008
-0.46254,-5.2644,17.434
-0.33126,-2.3657,18.471
-0.20642,0.42452,18.879
0.20927,2.7915,18.275
0.55684,4.2327,16.683
0.482,4.3802,14.468
0.22379,3.8698,11.978
-0.10164,2.9335,9.4629
-0.24609,1.9828,7.1503
-0.19445,1.3114,5.3892
-0.19085,-0.032333,4.2763
0.51089,-0.67914,3.5044
1.421,-0.6034,3.1529
2.2329,-0.34653,3.5737
2.7993,-0.2398,4.3979
3.2646,0.29174,4.787
3.7334,1.0852,4.971
3.9929,1.613,5.211
4.2955,1.878,5.3611
4.4287,1.7711,4.8357
4.088,1.2165,3.8127
3.2209,0.52346,3.1586
2.3401,0.27513,3.4392
1.7273,0.1705,4.1804
1.1789,0.1901,5.5319
1.124,0.95741,6.8938
1.6066,1.8888,8.0977
2.0853,2.144,9.4698
2.2453,1.6777,10.641
2.8835,0.2157,10.909
4.0893,-0.76581,10.924
5.1776,-1.7654,11.478
5.7242,-3.8853,12.285
4.6972,-6.5492,13.605
3.2252,-8.7736,14.901
1.8843,-9.543,15.915
1.3685,-7.1963,16.442
1.7635,-2.5419,16.659
2.05,0.73078,17.098
2.447,2.3519,17.215
2.5377,3.3433,16.704
2.3994,3.2688,15.604
1.963,2.0668,14.187
1.0896,0.71955,12.465
0.41209,-0.961,10.338
0.15942,-2.4556,8.1161
-0.008083,-3.1542,6.1817
-0.07694,-3.487,4.596
-0.12289,-3.5756,3.5636
-0.25222,-3.3009,3.1499
-0.39173,-2.616,3.5029
-0.50804,-1.7297,4.3619
-0.54487,-0.90951,5.1084
-0.5058,-0.17064,5.5431
-0.28606,0.4076,5.7698
0.095202,0.7447,5.7703
0.61163,0.72838,5.2229
0.64905,0.16735,4.3705
0.40955,-0.95337,3.5578
0.35386,-1.8936,2.889
0.091011,-2.4826,2.8376
-0.53559,-2.776,3.8165
-1.1525,-2.5121,5.7148
-1.7552,-1.6431,8.1119
-2.3709,-0.71461,10.529
-2.4806,-0.35746,12.494
-2.482,-1.0275,13.996
-3.0432,-2.5552,14.587
-3.5846,-3.7569,14.906
-3.0566,-4.8179,15.197
-2.206,-6.1284,15.886
-2.0337,-7.4187,16.689
-1.3866,-6.8387,16.35
-0.66522,-4.9381,15.842
-0.34668,-3.8912,16.172
0.17558,-2.0536,16.649
0.69815,-0.12828,16.983
1.1535,1.0002,16.96
1.6768,1.7184,16.291
2.0349,2.0542,14.466
2.1199,1.8933,12.12
1.6445,1.3467,9.7651
1.1147,0.62585,7.5591
0.9146,0.20642,5.6494
0.90801,0.017514,4.3318
1.0088,-0.6757,3.7677
1.3752,-0.54711,3.7967
1.9183,0.22887,4.3452
2.7384,0.65279,5.1598
3.3304,0.81476,5.7759
3.2661,0.94439,6.2399
2.873,1.5595,6.6321
2.6205,2.1343,6.5604
2.6701,2.5583,5.9411
2.6088,2.6351,4.9432
2.0772,2.2152,4.1717
1.6557,1.4825,3.6774
1.59,1.0137,3.4864
1.4925,0.8393,3.8245
1.7687,0.81805,4.6877
2.3628,0.93945,6.3065
2.5856,1.2515,8.5103
2.2661,0.99408,10.832
2.1337,-0.12783,11.998
2.4669,-0.49801,11.555
2.6987,-1.0191,11.889
2.5498,-3.5379,13.6
1.7702,-5.5433,15.77
1.1827,-4.7189,18.253
1.6581,-1.4991,19.821
2.611,1.6352,19.83
3.2231,3.1331,19.609
3.1484,2.713,19.203
2.7089,1.1911,18.2
2.3799,-0.093555,16.226
2.1034,-0.86266,13.682
1.9087,-1.6232,11.429
1.8183,-2.5661,9.5076
1.5994,-3.5927,7.8914
1.1647,-4.3875,6.5478
0.66043,-4.6661,5.446
0.23456,-4.5648,4.7082
-0.036823,-4.25,4.4154
-0.26255,-3.9542,4.4049
-0.58768,-3.5165,4.8288
-0.67046,-2.7646,5.6341
-0.55669,-1.7874,6.4416
-0.3624,-0.88316,7.2244
-0.089963,-0.27932,7.6792
0.099094,0.002545,7.4038
-0.033381,-0.028591,6.4963
-0.22438,-0.30327,5.1387
-0.28351,-0.87164,3.7114
-0.36,-1.6897,2.6263
-0.52915,-2.2916,2.1956
-0.82957,-2.338,2.4901
-1.2206,-1.9022,3.4955
-1.5786,-1.0769,5.7446
-1.9829,-0.12634,8.6818
-2.8062,0.074695,11.876
-3.9862,-1.3047,14.346
-4.5989,-3.3204,15.245
-4.3196,-4.4857,15.392
-3.6732,-5.9218,16.265
-3.2182,-7.7892,18.761
-2.9114,-8.4278,20.521
-2.357,-6.3408,20.935
-1.6142,-2.8836,20.667
-1.9421,-0.70803,20.745
-2.4311,0.84933,20.671
-2.472,2.3335,20.492
-1.9686,3.4559,19.499
-1.2894,4.0386,17.21
-0.74635,3.873,14.387
-0.18082,3.1724,11.309
0.19235,1.9645,8.6933
0.40161,0.76206,6.7349
0.7206,0.20328,5.2623
1.0391,0.11376,4.4134
1.4542,0.26734,3.8233
1.8383,0.68632,3.3705
2.1515,1.0143,2.9543
2.4778,1.108,2.5387
2.7044,1.249,2.3842
2.7869,1.4888,2.4104
2.8507,1.6156,2.4239
2.8086,1.6346,2.363
2.5731,1.6124,2.4152
2.2962,1.6623,2.385
2.0406,1.5939,2.2817
1.6804,1.5629,2.4253
1.4138,1.696,2.8188
1.3427,1.8957,3.4562
1.4752,2.2178,4.4444
1.8852,2.4812,5.6729
2.0268,2.436,7.0237
1.9534,2.278,8.5303
2.1223,1.6563,9.8383
2.7082,0.027692,10.579
3.729,-1.3869,10.983
4.057,-2.9811,11.691
3.468,-5.696,13.409
2.8903,-8.4339,15.798
2.8586,-8.6999,17.575
2.7643,-6.2507,18.578
3.2981,-3.1087,18.56
3.0433,-0.52152,18.524
2.1136,0.4109,18.647
1.7425,0.68902,17.987
1.4669,1.0414,16.628
1.0484,0.73138,15.217
0.67315,-0.057031,13.567
0.50445,-1.1291,12.045
0.40341,-2.2109,10.485
0.27124,-2.8454,8.909
0.10538,-2.9608,7.6439
-0.081131,-2.8737,6.6053
-0.4088,-2.623,5.8096
-0.83571,-2.3015,5.4198
-1.1364,-1.6921,5.2095
-1.1608,-0.90667,4.6591
-0.98136,-0.24669,3.8582
-0.88616,-0.068557,3.6127
-0.66177,-0.14699,3.4638
-0.32228,-0.31479,3.211
-0.28231,-0.77883,2.8767
-0.3115,-1.4017,2.7302
-0.41913,-1.577,2.9364
-0.81341,-1.3473,3.4925
-1.6089,-1.0162,4.4296
-2.513,-0.7703,5.5813
-3.1521,-0.61058,7.0056
-3.7096,-0.68512,8.9581
-4.1221,-1.3339,11.135
-4.457,-2.6925,13.158
-4.377,-4.1857,14.772
-3.9891,-4.9587,16.118
-4.3699,-5.7111,17.432
-5.45,-6.2417,18.969
-6.0317,-5.1246,19.524
-5.1375,-1.7346,18.526
-4.995,0.19953,17.063
-5.6558,0.23546,15.673
-5.5234,0.7215,14.517
-4.9869,1.5897,13.921
-3.8754,2.4678,13.27
-2.3947,2.9849,12.426
-0.88107,2.6758,11.51
0.16466,1.9126,10.472
0.71806,1.2203,9.2267
1.0462,0.54996,7.9104
1.3508,0.19819,6.5927
1.6602,0.17334,5.4957
1.9418,0.20911,4.6785
2.2727,0.14505,4.2687
2.718,-0.26046,4.4104
3.0391,0.29444,4.8055
3.2806,1.1523,5.1348
3.4906,1.5056,5.24
3.4346,1.4466,4.9653
3.1435,1.1107,4.2336
2.871,0.80338,3.3629
2.6495,0.76506,2.8655
2.4652,0.56463,2.9909
1.7261,0.46838,3.8383
0.94139,0.9384,5.4779
1.027,2.2215,7.4635
1.433,3.7807,9.712
1.5431,4.7338,12.007
2.0058,5.0809,13.597
2.5344,4.3565,14.064
2.7829,1.6309,13.308
3.3807,-1.0706,11.777
4.1528,-3.2631,10.44
3.7811,-6.0705,10.807
2.5202,-9.072,12.884
1.6993,-8.4609,14.701
1.6639,-4.5477,15.969
1.1619,-0.64052,16.929
0.46838,1.5008,17.293
0.31345,2.8257,16.582
0.08667,3.1289,15.565
-0.37183,1.9888,14.121
-0.79051,0.33755,12.636
-0.85412,-0.9357,11.206
-0.78167,-1.7657,9.8486
-0.83646,-2.4555,8.6634
-1.0194,-2.955,7.6759
-1.4628,-2.951,7.1806
-1.4678,-2.191,7.3171
-1.0174,-1.2366,7.7347
-0.6721,-0.24579,8.1393
-0.50355,0.42931,8.5941
-0.43095,0.63079,8.9952
-0.45116,0.75862,8.9729
-0.50879,0.75728,8.5356
-0.5757,0.43485,7.7169
-0.83002,-0.27198,6.4646
-1.0846,-1.0683,5.0722
-1.1345,-1.6174,3.6668
-1.3845,-2.0108,2.7535
-1.7267,-2.0118,2.394
-2.1618,-1.5791,2.7688
-2.8191,-1.0881,4.013
-3.6915,-0.70728,6.1652
-4.2205,-0.38395,8.7866
-4.1224,-0.3841,11.388
-4.1393,-1.2779,13.987
-4.0373,-2.6706,14.821
-3.7837,-3.85,14.459
-3.6678,-5.2695,14.493
-4.7908,-7.5323,15.406
-5.6695,-8.7451,16.164
-4.4609,-6.2649,15.829
-3.1159,-2.9541,15.948
-3.0405,-1.9013,16.59
-2.9408,-0.88541,16.923
-2.5633,0.28516,16.846
-2.3176,1.1483,16.15
-2.1405,1.8208,14.628
-1.8463,2.2456,12.437
-1.2962,2.3407,10.287
-0.88167,1.8524,8.4959
-0.54023,1.008,7.5648
-0.11092,0.5549,7.1484
0.41838,0.63782,6.9249
1.0831,0.76311,6.899
1.8244,0.88047,6.7842
2.4061,0.95681,6.5631
2.5709,0.95112,6.1366
2.5151,1.0432,5.5032
2.4667,1.2644,4.8255
2.3215,1.3845,4.1349
2.0952,1.3038,3.3283
1.9651,1.0882,2.4419
1.8454,0.84859,1.9289
1.7997,0.89229,1.8159
1.7475,1.1593,2.1209
1.4743,1.5961,2.5227
1.0143,2.1576,3.1884
0.79185,2.8118,4.3521
0.87014,3.716,5.659
0.8917,4.5139,7.224
0.81296,4.2176,8.598
0.4094,1.8353,8.9722
0.65773,-0.67195,8.2236
1.4653,-2.6139,7.2544
1.8196,-5.2907,7.584
1.2691,-7.781,9.7367
0.529,-9.8561,12.875
0.15942,-7.8899,16.675
1.0694,-3.1906,20.485
2.4062,2.2956,23.371
3.1206,5.9405,25.035
2.8378,7.1728,25.096
2.0123,6.7287,23.284
1.8037,5.5717,20.426
0.91864,4.1341,17.04
-0.18801,2.085,12.712
-0.21735,0.31839,8.9156
-0.89005,-2.9331,5.8879
-1.4102,-6.0013,4.0287
-1.4334,-7.281,3.628
-1.3104,-7.1276,3.3351
-0.6724,-5.4252,4.2405
-0.19774,-3.8305,5.9036
0.044008,-2.37,6.7526
-0.12544,-1.0258,6.9304
-0.3847,-0.34473,7.2071
-0.46793,-0.071102,6.9002
-0.52122,-0.22693,6.0483
-0.59322,-0.87433,4.9397
-0.34773,-1.7144,3.6726
-0.031584,-2.6224,2.56
-0.099244,-3.4864,1.9195
-0.16301,-4.5591,1.6556
-0.57256,-4.8802,2.2811
-1.205,-2.9189,4.1224
-1.5375,-1.1652,7.3584
-1.8795,0.37692,11.368
-2.4344,1.4509,13.02
-3.2679,0.80218,14.342
-3.4675,-0.97432,14.493
-3.3246,-3.5109,13.284
-3.3545,-6.8291,12.091
-2.7618,-8.5957,12.153
-2.6267,-9.2969,13.804
-2.1498,-8.2468,15.789
-0.30836,-5.0363,17.477
0.39667,-1.6494,18.891
-0.036374,0.42257,20.415
-0.65279,2.3113,21.034
-1.2168,4.0666,20.159
-1.5936,4.1316,17.859
-1.7786,3.0924,14.448
-1.6521,1.6889,11.122
-0.96923,0.4067,8.5221
-0.18516,-0.51613,6.7839
0.44982,-0.89125,5.7813
0.76446,-0.70249,5.3437
0.89424,-0.32961,4.9933
0.7947,0.41569,4.8349
0.6233,1.3221,4.9245
0.69276,1.8003,5.3057
0.95037,2.1006,5.9259
1.4071,2.1426,6.5068
1.6291,1.8476,6.5888
1.4442,1.4839,5.9064
0.95352,1.2319,4.6305
0.41509,1.1619,3.3244
0.092508,1.1956,2.4277
-0.27213,1.1092,2.1495
-0.36359,1.0484,2.454
-0.37377,1.3003,3.3178
-0.3368,1.5196,4.4547
-0.20253,1.6858,5.8263
0.18157,1.8784,7.4457
0.91475,2.1645,8.8845
1.3563,2.0361,9.9383
1.3918,0.88271,10.433
1.271,-1.9049,10.115
1.9814,-4.6659,9.2088
3.1905,-5.7837,9.8935
4.1977,-5.6533,13.016
3.9932,-4.2738,16.624
2.5372,-2.3275,18.971
0.5772,-0.61702,19.392
-0.70219,1.2321,18.981
-0.87733,2.3786,18.855
-0.58019,1.9933,18.535
0.010179,0.71117,17.959
0.50864,-0.57974,16.773
0.61298,-1.6681,15.021
0.52391,-2.3069,13.067
0.30731,-2.5023,11.082
0.1184,-2.6919,9.5123
0.052541,-2.9038,8.1032
-0.010478,-2.965,6.6501
-0.087867,-3.1258,5.4502
-0.10808,-3.1297,4.8388
-0.11257,-2.9345,5.2232
0.21974,-2.2217,6.2591
0.48799,-1.5866,7.206
0.62181,-0.96325,7.5738
0.507,-0.55026,7.1647
0.27378,-0.56283,6.5049
0.097896,-0.91086,5.8364
0.10703,-1.3671,4.8284
0.12469,-1.8253,3.919
0.097148,-2.2021,3.4178
-0.074395,-2.1994,3.5328
-0.36823,-1.6379,4.1262
-0.85981,-0.90651,5.084
-1.1911,-0.35521,6.064
-1.2258,-0.1663,7.2267
-1.2505,-0.63573,8.5809
-1.3948,-1.7524,9.9601
-1.7338,-3.472,10.791
-1.6961,-4.4245,10.802
-1.2424,-4.3395,11.295
-0.80293,-4.7903,13.542
-0.54382,-5.4261,16.101
-0.4823,-4.7233,17.419
-0.44413,-2.9905,16.947
-0.84903,-1.815,15.87
-1.434,-1.6925,15.309
-1.3381,-1.1764,15.395
-0.61866,-0.18322,15.553
0.17154,0.12499,15.117
0.79649,0.064666,13.999
1.2381,-0.21855,12.737
1.2873,-0.60908,11.581
1.0376,-0.74335,10.724
0.64471,-0.54322,9.8621
0.33201,-0.17783,8.9583
0.24175,0.049397,8.0518
0.3365,0.045805,7.2963
0.43949,0.19894,7.2862
0.62839,0.98795,7.756
0.8191,1.6861,8.1022
0.97672,1.8948,7.7919
1.2336,1.5732,6.7442
1.3975,0.84589,5.4053
1.3891,0.24983,3.9867
1.162,-0.037722,2.7377
0.82299,-0.1196,1.7666
0.54307,0.047002,1.1216
0.54142,0.38739,1.5045
0.69381,0.77928,3.068
0.88137,1.2456,5.0737
1.246,1.7788,7.4226
1.7398,2.2687,9.8995
2.3202,2.2423,11.407
2.5182,0.25716,11.477
2.5479,-3.095,9.7399
3.709,-4.1893,7.8643
4.8637,-4.768,8.8012
4.6679,-5.1699,12.451
3.8774,-3.9055,16.094
3.2927,-1.2957,18.299
2.3401,0.60474,19.489
2.107,1.9009,19.87
2.4444,2.3973,19.922
2.6687,1.7472,19.849
2.8257,0.87703,18.987
2.8576,0.2166,16.99
2.7243,-0.41988,14.534
2.4413,-1.1239,12.24
2.0864,-1.7726,10.178
1.6112,-2.2413,8.194
1.0456,-2.6743,6.2236
0.41119,-2.8629,4.6209
-0.22483,-2.9222,3.5544
-0.79515,-2.9745,3.0123
-1.248,-2.8219,2.892
-1.4848,-2.2413,3.2426
-1.5894,-1.4399,3.6427
-1.4728,-1.1038,4.169
-1.1822,-1.1882,4.4555
-0.79769,-1.518,4.3717
-0.41374,-1.7168,3.8247
-0.29638,-1.857,3.3743
-0.37497,-2.1774,2.9312
-0.59636,-2.5911,2.4083
-0.92822,-2.8408,2.1247
-1.4202,-2.7887,2.2651
-1.9799,-2.3941,3.1239
-2.2687,-1.8488,4.5282
-2.376,-1.2403,6.5981
-2.2596,-0.76596,9.62
-1.8226,-0.71476,13.095
-1.349,-1.5449,14.778
-1.2074,-3.0673,15.269
-0.92882,-3.6252,15.481
-0.70698,-5.5988,16.793
-1.5786,-7.6392,18.286
-1.7344,-6.5049,18.477
-0.63707,-3.3442,18.578
-0.045505,-1.4795,19.362
-0.33081,-0.68063,20.39
-0.20747,1.0749,21.291
-0.15897,3.0216,21.06
-0.47571,3.8367,19.03
-1.2333,3.5365,15.932
-2.0058,2.6399,12.242
-2.1702,1.6955,8.721
-2.0892,0.71896,6.1097
-1.6198,0.065115,4.4389
-1.0173,-0.16136,3.5904
0.037871,-0.08667,3.4439
1.2634,-0.073647,3.935
2.1314,-0.094753,4.9203
2.9459,0.20732,5.8177
3.6371,0.67285,6.5529
3.8211,0.99872,7.0987
3.6584,1.1734,7.1735
3.4207,1.286,6.5257
2.9073,1.1294,5.2611
2.3073,0.76775,3.9928
1.5183,0.68977,3.0297
0.68677,0.83287,2.5794
0.53409,1.0587,3.4593
0.723,1.3134,5.2158
0.98061,1.2638,7.1288
1.3728,1.3881,8.7697
1.6645,1.9153,10.059
1.5208,2.1337,11.271
1.5683,1.347,12.187
1.9699,-0.55729,11.969
2.8363,-2.048,10.505
3.825,-2.663,9.4949
4.2923,-3.7286,10.552
3.4571,-4.8058,13.425
1.7903,-4.1753,16.249
0.20433,-1.7292,17.818
-0.54532,1.3896,19.041
-0.66507,3.6767,19.5
-1.0207,3.7379,18.777
-0.88541,2.397,17.63
-0.19445,1.4093,16.012
0.17933,0.60893,13.476
-0.032183,-0.59816,10.402
0.074246,-1.8452,7.7828
0.38964,-2.7095,6.2474
0.44472,-2.9132,4.9218
0.39563,-2.6348,4.1741
0.61881,-2.1247,4.1847
0.80982,-1.6312,4.4495
0.51553,-2.0498,5.239
0.7679,-1.6433,5.3804
0.90891,-0.78452,4.9987
0.9613,-0.94888,5.1445
0.64127,-1.2518,5.1463
0.002994,-1.0094,4.9444
-0.39503,-0.66207,5.2211
-0.71491,-0.21421,5.4114
-0.87583,0.03847,5.1744
-0.91819,-0.13128,4.6695
-0.95876,-0.50714,4.7847
-0.61732,-0.95397,5.8165
-0.29683,-0.52406,6.7162
-0.12349,0.10119,7.8283
-0.29114,0.27258,9.1351
-0.78302,0.17319,9.7274
-1.2691,-0.5296,9.809
-2.1829,-2.1658,9.5418
-2.51,-3.0649,8.7878
-1.9521,-3.3367,9.1571
-0.53993,-3.735,11.66
0.52077,-3.5292,14.386
0.087269,-2.4848,15.002
-1.4394,-1.8304,13.618
-2.5038,-1.4952,11.896
-3.1379,-1.3382,11.682
-2.513,-0.4814,12.57
-0.73467,0.52975,14.449
0.18561,0.27124,15.9
0.50879,0.13292,15.931
-0.48769,0.2166,14.501
-0.94199,0.36674,14.644
-1.1695,1.0281,15.115
-1.4774,1.6755,15.003
-1.7029,1.6645,13.702
-1.7883,1.4791,12.089
-1.3174,1.4532,11.103
-0.13532,1.5752,10.802
0.81356,1.2986,10.621
